Node,Feature,Threshold,Value
0,3,0.0,"[[714325.77142483, 903529.9702461362, 341748.85383558273]]"
1,4,-1.0016251802444458,"[[706362.7886188626, 13996.384814500809, 156907.49249976873]]"
2,2,18.30564308166504,"[[229362.43818473816, 250.57744693756104, 105572.66422760487]]"
3,3,-1.6064448356628418,"[[214508.7431703806, 186.78546261787415, 76928.77331119776]]"
4,2,6.007843494415283,"[[117073.25887703896, 0.0, 22365.178302645683]]"
5,1,6.473449230194092,"[[29362.989746928215, 0.0, 11232.210327744484]]"
6,0,4.5,"[[12600.747411966324, 0.0, 776.0292414426804]]"
7,1,4.803663969039917,"[[7905.986127138138, 0.0, 746.1546188592911]]"
8,-2,-2.0,"[[7705.333539962769, 0.0, 426.07886469364166]]"
9,-2,-2.0,"[[200.65258717536926, 0.0, 320.0757541656494]]"
10,-2,-2.0,"[[4694.761284828186, 0.0, 29.874622583389282]]"
11,1,26.32129955291748,"[[16762.24233496189, 0.0, 10456.181086301804]]"
12,3,-1.859855830669403,"[[15851.841175317764, 0.0, 7542.631866812706]]"
13,2,2.3440619707107544,"[[6861.4000651836395, 0.0, 1076.718213915825]]"
14,-2,-2.0,"[[2137.998527765274, 0.0, 886.9116463661194]]"
15,1,22.324785232543945,"[[4723.4015374183655, 0.0, 189.8065675497055]]"
16,-2,-2.0,"[[4417.119257926941, 0.0, 45.85415172576904]]"
17,-2,-2.0,"[[306.28227949142456, 0.0, 143.95241582393646]]"
18,0,6.5,"[[8990.441110134125, 0.0, 6465.913652896881]]"
19,1,7.496044635772705,"[[363.78908705711365, 0.0, 1254.425258755684]]"
20,-2,-2.0,"[[337.25102853775024, 0.0, 343.4502491950989]]"
21,-2,-2.0,"[[26.538058519363403, 0.0, 910.975009560585]]"
22,1,9.686565399169922,"[[8626.652023077011, 0.0, 5211.488394141197]]"
23,-2,-2.0,"[[1642.1098670959473, 0.0, 236.88187074661255]]"
24,0,25.5,"[[6984.542155981064, 0.0, 4974.606523394585]]"
25,1,22.815052032470703,"[[6110.063517808914, 0.0, 4897.318690538406]]"
26,0,8.5,"[[5820.666597127914, 0.0, 4042.351485967636]]"
27,-2,-2.0,"[[150.06418991088867, 0.0, 599.2618094682693]]"
28,1,11.816807270050049,"[[5670.602407217026, 0.0, 3443.0896764993668]]"
29,-2,-2.0,"[[1357.2914426326752, 0.0, 204.74876713752747]]"
30,0,12.5,"[[4313.310964584351, 0.0, 3238.3409093618393]]"
31,-2,-2.0,"[[458.83100414276123, 0.0, 1201.2579307556152]]"
32,1,15.660264492034912,"[[3854.4799604415894, 0.0, 2037.082978606224]]"
33,-2,-2.0,"[[1443.589653968811, 0.0, 111.21370136737823]]"
34,0,21.0,"[[2410.8903064727783, 0.0, 1925.8692772388458]]"
35,-2,-2.0,"[[1486.9615433216095, 0.0, 1801.296245098114]]"
36,-2,-2.0,"[[923.9287631511688, 0.0, 124.57303214073181]]"
37,-2,-2.0,"[[289.39692068099976, 0.0, 854.9672045707703]]"
38,-2,-2.0,"[[874.4786381721497, 0.0, 77.28783285617828]]"
39,1,28.391783714294434,"[[910.4011596441269, 0.0, 2913.5492194890976]]"
40,0,28.5,"[[901.5563331842422, 0.0, 1614.7751797437668]]"
41,-2,-2.0,"[[371.5344352722168, 0.0, 1424.4067051410675]]"
42,-2,-2.0,"[[530.0218979120255, 0.0, 190.36847460269928]]"
43,-2,-2.0,"[[8.844826459884644, 0.0, 1298.7740397453308]]"
44,1,20.074320793151855,"[[87710.26913011074, 0.0, 11132.9679749012]]"
45,1,4.4045491218566895,"[[61186.67468357086, 0.0, 10700.535269379616]]"
46,0,0.5,"[[20013.74774312973, 0.0, 889.1061112880707]]"
47,-2,-2.0,"[[4.477627754211426, 0.0, 124.4866851568222]]"
48,-2,-2.0,"[[20009.27011537552, 0.0, 764.6194261312485]]"
49,0,7.5,"[[41172.92694044113, 0.0, 9811.429158091545]]"
50,2,6.37847638130188,"[[625.6683819293976, 0.0, 1202.194212436676]]"
51,-2,-2.0,"[[299.585111618042, 0.0, 44.67840528488159]]"
52,1,5.153302907943726,"[[326.0832703113556, 0.0, 1157.5158071517944]]"
53,-2,-2.0,"[[313.4108085632324, 0.0, 365.65083968639374]]"
54,-2,-2.0,"[[12.672461748123169, 0.0, 791.8649674654007]]"
55,2,11.192882061004639,"[[40547.258558511734, 0.0, 8609.234945654869]]"
56,0,10.5,"[[18526.890142202377, 0.0, 1556.6619359254837]]"
57,1,11.90285348892212,"[[7486.255110740662, 0.0, 1170.3946051597595]]"
58,1,6.151989936828613,"[[7450.439611911774, 0.0, 868.6245392560959]]"
59,-2,-2.0,"[[2584.493384003639, 0.0, 30.713854670524597]]"
60,0,8.5,"[[4865.9462279081345, 0.0, 837.9106845855713]]"
61,2,8.042169570922852,"[[988.5473656654358, 0.0, 603.1240555047989]]"
62,-2,-2.0,"[[840.7547545433044, 0.0, 195.39521420001984]]"
63,-2,-2.0,"[[147.79261112213135, 0.0, 407.72884130477905]]"
64,-2,-2.0,"[[3877.3988622426987, 0.0, 234.7866290807724]]"
65,-2,-2.0,"[[35.81549882888794, 0.0, 301.77006590366364]]"
66,3,-1.692327082157135,"[[11040.635031461716, 0.0, 386.2673307657242]]"
67,-2,-2.0,"[[9497.381882190704, 0.0, 67.43946540355682]]"
68,-2,-2.0,"[[1543.2531492710114, 0.0, 318.82786536216736]]"
69,1,7.835973501205444,"[[22020.368416309357, 0.0, 7052.573009729385]]"
70,-2,-2.0,"[[6064.072284698486, 0.0, 562.3437563180923]]"
71,0,11.5,"[[15956.29613161087, 0.0, 6490.229253411293]]"
72,1,8.901000022888184,"[[297.30217719078064, 0.0, 1539.3861793279648]]"
73,-2,-2.0,"[[291.1401469707489, 0.0, 434.5145505666733]]"
74,-2,-2.0,"[[6.162030220031738, 0.0, 1104.8716287612915]]"
75,2,14.703965187072754,"[[15658.99395442009, 0.0, 4950.843074083328]]"
76,0,14.5,"[[8524.200238347054, 0.0, 1544.0488623976707]]"
77,1,12.427249908447266,"[[4657.413041949272, 0.0, 1343.7412937283516]]"
78,-2,-2.0,"[[3587.221529483795, 0.0, 401.1698743700981]]"
79,-2,-2.0,"[[1070.191512465477, 0.0, 942.5714193582535]]"
80,-2,-2.0,"[[3866.7871963977814, 0.0, 200.30756866931915]]"
81,3,-1.8944579362869263,"[[7134.793716073036, 0.0, 3406.7942116856575]]"
82,-2,-2.0,"[[2115.0618411302567, 0.0, 234.45055747032166]]"
83,0,15.5,"[[5019.7318749427795, 0.0, 3172.343654215336]]"
84,1,11.361485958099365,"[[1395.170206785202, 0.0, 1790.3969775438309]]"
85,-2,-2.0,"[[1166.3586840629578, 0.0, 442.321977853775]]"
86,-2,-2.0,"[[228.81152272224426, 0.0, 1348.0749996900558]]"
87,2,17.314422607421875,"[[3624.5616681575775, 0.0, 1381.946676671505]]"
88,4,-1.260063648223877,"[[3187.790982365608, 0.0, 801.2088309526443]]"
89,-2,-2.0,"[[1288.6412469148636, 0.0, 689.807723402977]]"
90,-2,-2.0,"[[1899.1497354507446, 0.0, 111.40110754966736]]"
91,-2,-2.0,"[[436.7706857919693, 0.0, 580.7378457188606]]"
92,-2,-2.0,"[[26523.59444653988, 0.0, 432.43270552158356]]"
93,1,6.879497766494751,"[[97435.48429334164, 186.78546261787415, 54563.595008552074]]"
94,3,-1.1311814188957214,"[[28720.752497434616, 151.4268388748169, 8320.107095062733]]"
95,0,8.5,"[[25162.954474031925, 30.984778881072998, 5859.827928245068]]"
96,1,2.4771838188171387,"[[20586.792620539665, 30.984778881072998, 5652.575194239616]]"
97,0,2.5,"[[10174.222571849823, 17.393970489501953, 1503.6796408891678]]"
98,2,1.4788877367973328,"[[2229.002443552017, 17.393970489501953, 949.142816066742]]"
99,-2,-2.0,"[[1158.3327004909515, 0.0, 105.85120344161987]]"
100,1,0.34715577960014343,"[[1070.6697430610657, 17.393970489501953, 843.2916126251221]]"
101,-2,-2.0,"[[764.3554595708847, 0.0, 156.7307692170143]]"
102,-2,-2.0,"[[306.31428349018097, 17.393970489501953, 686.5608434081078]]"
103,-2,-2.0,"[[7945.220128297806, 0.0, 554.5368248224258]]"
104,0,5.5,"[[10412.570048689842, 13.590808391571045, 4148.895553350449]]"
105,2,3.5832287073135376,"[[1247.0359036922455, 10.691442489624023, 1685.9540388584137]]"
106,0,2.5,"[[1015.4209427833557, 0.0, 687.0447524785995]]"
107,-2,-2.0,"[[28.197181224822998, 0.0, 321.51873683929443]]"
108,-2,-2.0,"[[987.2237615585327, 0.0, 365.5260156393051]]"
109,-2,-2.0,"[[231.61496090888977, 10.691442489624023, 998.9092863798141]]"
110,1,5.049495697021484,"[[9165.534144997597, 2.8993659019470215, 2462.941514492035]]"
111,0,6.5,"[[6675.142090797424, 0.0, 1008.0939282774925]]"
112,-2,-2.0,"[[3119.897779107094, 0.0, 864.2513942718506]]"
113,-2,-2.0,"[[3555.2443116903305, 0.0, 143.84253400564194]]"
114,2,6.91252064704895,"[[2490.3920542001724, 2.8993659019470215, 1454.8475862145424]]"
115,0,6.5,"[[1886.0462452173233, 0.0, 431.39922231435776]]"
116,-2,-2.0,"[[925.1638283729553, 0.0, 428.4769732952118]]"
117,-2,-2.0,"[[960.882416844368, 0.0, 2.9222490191459656]]"
118,4,-1.439770519733429,"[[604.3458089828491, 2.8993659019470215, 1023.4483639001846]]"
119,-2,-2.0,"[[60.17776417732239, 2.8993659019470215, 675.9209438562393]]"
120,-2,-2.0,"[[544.1680448055267, 0.0, 347.5274200439453]]"
121,-2,-2.0,"[[4576.16185349226, 0.0, 207.2527340054512]]"
122,0,5.5,"[[3557.798023402691, 120.4420599937439, 2460.279166817665]]"
123,-2,-2.0,"[[1117.0938202142715, 96.02418088912964, 1482.6121507883072]]"
124,1,2.4770442247390747,"[[2440.7042031884193, 24.417879104614258, 977.6670160293579]]"
125,-2,-2.0,"[[694.5157378315926, 0.0, 6.53186821937561]]"
126,-2,-2.0,"[[1746.1884653568268, 24.417879104614258, 971.1351478099823]]"
127,2,8.171909809112549,"[[68714.73179590702, 35.35862374305725, 46243.48791348934]]"
128,1,20.616877555847168,"[[26163.69251191616, 0.0, 27792.892712950706]]"
129,0,18.5,"[[20087.333280682564, 0.0, 16402.774088978767]]"
130,0,6.5,"[[17061.714079737663, 0.0, 15993.470403194427]]"
131,-2,-2.0,"[[107.702561378479, 0.0, 1425.7936922311783]]"
132,1,15.668521881103516,"[[16954.011518359184, 0.0, 14567.67671096325]]"
133,0,12.5,"[[14490.31094288826, 0.0, 9770.210225224495]]"
134,1,11.920622825622559,"[[8831.799177646637, 0.0, 8541.551616430283]]"
135,0,9.5,"[[7456.026589155197, 0.0, 4741.427329182625]]"
136,1,9.016035079956055,"[[2182.98459815979, 0.0, 2970.4306148290634]]"
137,4,-1.6192967295646667,"[[2014.409815788269, 0.0, 1470.5090614557266]]"
138,-2,-2.0,"[[299.15762054920197, 0.0, 939.1475956439972]]"
139,-2,-2.0,"[[1715.252195239067, 0.0, 531.3614658117294]]"
140,-2,-2.0,"[[168.574782371521, 0.0, 1499.9215533733368]]"
141,1,10.383979320526123,"[[5273.041990995407, 0.0, 1770.9967143535614]]"
142,-2,-2.0,"[[3183.9719051122665, 0.0, 255.01542353630066]]"
143,0,10.5,"[[2089.0700858831406, 0.0, 1515.9812908172607]]"
144,4,-1.459106206893921,"[[680.6852555274963, 0.0, 1246.3785817623138]]"
145,-2,-2.0,"[[135.39010214805603, 0.0, 1065.7510792016983]]"
146,-2,-2.0,"[[545.2951533794403, 0.0, 180.62750256061554]]"
147,-2,-2.0,"[[1408.3848303556442, 0.0, 269.6027090549469]]"
148,2,3.9859458208084106,"[[1375.7725884914398, 0.0, 3800.124287247658]]"
149,-2,-2.0,"[[154.92811179161072, 0.0, 2011.3579742908478]]"
150,0,10.5,"[[1220.844476699829, 0.0, 1788.76631295681]]"
151,-2,-2.0,"[[13.07548975944519, 0.0, 842.6333726644516]]"
152,1,13.735533237457275,"[[1207.768986940384, 0.0, 946.1329402923584]]"
153,-2,-2.0,"[[1126.9205737113953, 0.0, 312.1194578409195]]"
154,-2,-2.0,"[[80.84841322898865, 0.0, 634.0134824514389]]"
155,2,5.02638578414917,"[[5658.511765241623, 0.0, 1228.6586087942123]]"
156,1,13.019046306610107,"[[2867.317280769348, 0.0, 1070.1087629795074]]"
157,-2,-2.0,"[[910.6412134170532, 0.0, 22.96813428401947]]"
158,0,15.5,"[[1956.676067352295, 0.0, 1047.140628695488]]"
159,-2,-2.0,"[[978.0633993148804, 0.0, 961.6527488231659]]"
160,-2,-2.0,"[[978.6126680374146, 0.0, 85.48787987232208]]"
161,-2,-2.0,"[[2791.194484472275, 0.0, 158.5498458147049]]"
162,0,14.5,"[[2463.7005754709244, 0.0, 4797.466485738754]]"
163,2,6.90938925743103,"[[259.75131142139435, 0.0, 1994.7614699602127]]"
164,-2,-2.0,"[[29.156280279159546, 0.0, 1597.6312260627747]]"
165,-2,-2.0,"[[230.5950311422348, 0.0, 397.13024389743805]]"
166,1,16.874293327331543,"[[2203.94926404953, 0.0, 2802.7050157785416]]"
167,-2,-2.0,"[[954.273549079895, 0.0, 360.5740327835083]]"
168,-2,-2.0,"[[1249.675714969635, 0.0, 2442.1309829950333]]"
169,-2,-2.0,"[[3025.6192009449005, 0.0, 409.3036857843399]]"
170,4,-1.3610440492630005,"[[6076.359231233597, 0.0, 11390.118623971939]]"
171,3,-1.5377828478813171,"[[3100.87151992321, 0.0, 8361.132940888405]]"
172,-2,-2.0,"[[1206.1909843683243, 0.0, 1374.9131741523743]]"
173,1,26.3289794921875,"[[1894.6805355548859, 0.0, 6986.219766736031]]"
174,0,23.0,"[[1681.3298144340515, 0.0, 4336.620624303818]]"
175,-2,-2.0,"[[220.75130212306976, 0.0, 2156.8459372520447]]"
176,1,22.562665939331055,"[[1460.5785123109818, 0.0, 2179.774687051773]]"
177,-2,-2.0,"[[673.2654381990433, 0.0, 155.34272575378418]]"
178,-2,-2.0,"[[787.3130741119385, 0.0, 2024.431961297989]]"
179,-2,-2.0,"[[213.35072112083435, 0.0, 2649.599142432213]]"
180,0,21.0,"[[2975.4877113103867, 0.0, 3028.9856830835342]]"
181,-2,-2.0,"[[180.40547966957092, 0.0, 803.7112412452698]]"
182,1,27.56045913696289,"[[2795.0822316408157, 0.0, 2225.2744418382645]]"
183,0,29.0,"[[2283.8722690343857, 0.0, 1005.5019239187241]]"
184,-2,-2.0,"[[1587.0542895793915, 0.0, 993.2471821308136]]"
185,-2,-2.0,"[[696.8179794549942, 0.0, 12.254741787910461]]"
186,2,3.8242645263671875,"[[511.20996260643005, 0.0, 1219.7725179195404]]"
187,-2,-2.0,"[[22.79840862751007, 0.0, 765.9872577190399]]"
188,-2,-2.0,"[[488.41155397892, 0.0, 453.7852602005005]]"
189,0,20.5,"[[42551.03928399086, 35.35862374305725, 18450.595200538635]]"
190,2,16.895797729492188,"[[20299.090051174164, 34.861548602581024, 16075.799910843372]]"
191,0,10.5,"[[19433.018333613873, 34.861548602581024, 13021.42382901907]]"
192,4,-1.4621520638465881,"[[840.0978407859802, 7.949783563613892, 2161.3291519880295]]"
193,-2,-2.0,"[[22.764451026916504, 7.949783563613892, 751.2466222643852]]"
194,-2,-2.0,"[[817.3333897590637, 0.0, 1410.0825297236443]]"
195,1,10.031829833984375,"[[18592.920492827892, 26.911765038967133, 10860.09467703104]]"
196,0,12.5,"[[4193.44083660841, 6.555667519569397, 728.1160035729408]]"
197,1,8.164072513580322,"[[2193.9984462857246, 6.15335088968277, 683.6058698892593]]"
198,-2,-2.0,"[[1375.5642557740211, 0.0, 58.269632399082184]]"
199,-2,-2.0,"[[818.4341905117035, 6.15335088968277, 625.3362374901772]]"
200,-2,-2.0,"[[1999.4423903226852, 0.4023166298866272, 44.51013368368149]]"
201,0,14.5,"[[14399.479656219482, 20.356097519397736, 10131.9786734581]]"
202,1,16.122578620910645,"[[3014.3752383589745, 6.372829556465149, 4284.290570795536]]"
203,2,13.140392303466797,"[[2934.121416270733, 6.372829556465149, 3000.1618784070015]]"
204,-2,-2.0,"[[2590.449769437313, 6.372829556465149, 1469.0338063240051]]"
205,-2,-2.0,"[[343.6716468334198, 0.0, 1531.1280720829964]]"
206,-2,-2.0,"[[80.25382208824158, 0.0, 1284.1286923885345]]"
207,1,23.43305492401123,"[[11385.104417860508, 13.983267962932587, 5847.688102662563]]"
208,3,-1.475123405456543,"[[11379.118599116802, 13.983267962932587, 5202.366756260395]]"
209,-2,-2.0,"[[4532.692007005215, 0.0, 981.827918946743]]"
210,1,18.30339241027832,"[[6846.4265921115875, 13.983267962932587, 4220.538837313652]]"
211,2,12.475807666778564,"[[3815.4646763801575, 13.983267962932587, 1224.6145341992378]]"
212,-2,-2.0,"[[2059.2096542716026, 0.0, 127.41247808933258]]"
213,-2,-2.0,"[[1756.2550221085548, 13.983267962932587, 1097.2020561099052]]"
214,0,17.5,"[[3030.96191573143, 0.0, 2995.924303114414]]"
215,-2,-2.0,"[[81.16160249710083, 0.0, 867.8400778770447]]"
216,-2,-2.0,"[[2949.800313234329, 0.0, 2128.0842252373695]]"
217,-2,-2.0,"[[5.9858187437057495, 0.0, 645.3213464021683]]"
218,4,-1.201145350933075,"[[866.0717175602913, 0.0, 3054.3760818243027]]"
219,-2,-2.0,"[[292.35203713178635, 0.0, 2584.1155972480774]]"
220,-2,-2.0,"[[573.719680428505, 0.0, 470.2604845762253]]"
221,3,-1.2129252552986145,"[[22251.949232816696, 0.4970751404762268, 2374.795289695263]]"
222,1,26.356220245361328,"[[16419.609844446182, 0.0, 581.7540647983551]]"
223,4,-1.77086341381073,"[[6373.9132878780365, 0.0, 557.0572973489761]]"
224,1,25.916643142700195,"[[1050.8611752986908, 0.0, 412.55582869052887]]"
225,-2,-2.0,"[[995.6348836421967, 0.0, 163.43851745128632]]"
226,-2,-2.0,"[[55.22629165649414, 0.0, 249.11731123924255]]"
227,-2,-2.0,"[[5323.052112579346, 0.0, 144.50146865844727]]"
228,-2,-2.0,"[[10045.696556568146, 0.0, 24.696767449378967]]"
229,1,27.9800968170166,"[[5832.339388370514, 0.4970751404762268, 1793.0412248969078]]"
230,1,24.503470420837402,"[[3390.652006983757, 0.4970751404762268, 1717.0332359671593]]"
231,-2,-2.0,"[[1736.3828461170197, 0.4970751404762268, 253.4130409359932]]"
232,0,23.5,"[[1654.2691608667374, 0.0, 1463.620195031166]]"
233,-2,-2.0,"[[66.09752655029297, 0.0, 624.2318651676178]]"
234,2,10.066173076629639,"[[1588.1716343164444, 0.0, 839.3883298635483]]"
235,-2,-2.0,"[[88.31882274150848, 0.0, 345.5709100961685]]"
236,-2,-2.0,"[[1499.852811574936, 0.0, 493.81741976737976]]"
237,-2,-2.0,"[[2441.687381386757, 0.0, 76.00798892974854]]"
238,0,23.5,"[[14853.695014357567, 63.79198431968689, 28643.89091640711]]"
239,2,19.90316867828369,"[[6003.006414175034, 63.79198431968689, 26808.209147512913]]"
240,3,-1.5433597564697266,"[[5428.976051926613, 7.325869560241699, 11065.644275069237]]"
241,0,19.5,"[[4599.093588590622, 0.0, 4529.488065242767]]"
242,1,7.859145641326904,"[[2500.163174390793, 0.0, 3988.963374376297]]"
243,-2,-2.0,"[[1855.056266784668, 0.0, 785.4900082349777]]"
244,4,-1.3266181945800781,"[[645.1069076061249, 0.0, 3203.4733661413193]]"
245,-2,-2.0,"[[89.88236880302429, 0.0, 2013.1691833734512]]"
246,3,-1.704606056213379,"[[555.2245388031006, 0.0, 1190.304182767868]]"
247,2,18.971904754638672,"[[542.7622497081757, 0.0, 557.7785604000092]]"
248,-2,-2.0,"[[419.35031151771545, 0.0, 16.049196481704712]]"
249,-2,-2.0,"[[123.4119381904602, 0.0, 541.7293639183044]]"
250,-2,-2.0,"[[12.462289094924927, 0.0, 632.5256223678589]]"
251,4,-1.3150333166122437,"[[2098.930414199829, 0.0, 540.5246908664703]]"
252,3,-1.6938186883926392,"[[555.0828235149384, 0.0, 529.0827996730804]]"
253,-2,-2.0,"[[503.8614203929901, 0.0, 155.10225212574005]]"
254,-2,-2.0,"[[51.22140312194824, 0.0, 373.9805475473404]]"
255,-2,-2.0,"[[1543.8475906848907, 0.0, 11.441891193389893]]"
256,1,2.2597579956054688,"[[829.8824633359909, 7.325869560241699, 6536.156209826469]]"
257,-2,-2.0,"[[411.32908153533936, 0.0, 432.051143348217]]"
258,-2,-2.0,"[[418.55338180065155, 7.325869560241699, 6104.105066478252]]"
259,1,5.247052431106567,"[[574.0303622484207, 56.46611475944519, 15742.564872443676]]"
260,3,-1.7053065299987793,"[[445.7990597486496, 0.0, 2826.758391737938]]"
261,-2,-2.0,"[[326.5452243089676, 0.0, 587.3689720630646]]"
262,-2,-2.0,"[[119.253835439682, 0.0, 2239.3894196748734]]"
263,-2,-2.0,"[[128.23130249977112, 56.46611475944519, 12915.806480705738]]"
264,3,-1.5471948981285095,"[[8850.688600182533, 0.0, 1835.6817688941956]]"
265,-2,-2.0,"[[6008.595519781113, 0.0, 136.77735209465027]]"
266,0,25.5,"[[2842.0930804014206, 0.0, 1698.9044167995453]]"
267,3,-1.294129729270935,"[[494.6072758436203, 0.0, 1272.6436021327972]]"
268,-2,-2.0,"[[465.9268865585327, 0.0, 439.5652720928192]]"
269,-2,-2.0,"[[28.680389285087585, 0.0, 833.078330039978]]"
270,2,20.918667793273926,"[[2347.4858045578003, 0.0, 426.26081466674805]]"
271,-2,-2.0,"[[2250.1926842927933, 0.0, 226.28856527805328]]"
272,-2,-2.0,"[[97.29312026500702, 0.0, 199.97224938869476]]"
273,2,11.623866081237793,"[[477000.35043412447, 13745.807367563248, 51334.82827216387]]"
274,1,27.99696159362793,"[[325393.3658596277, 12101.172306060791, 11315.264623701572]]"
275,3,-1.5189489126205444,"[[319007.56214380264, 5886.573370575905, 10458.220518827438]]"
276,2,2.913385272026062,"[[197920.90855324268, 2112.7992944717407, 1553.8940997719765]]"
277,1,6.494434356689453,"[[42585.3310854435, 1593.052167892456, 89.76956856250763]]"
278,-2,-2.0,"[[17717.78655666113, 25.727379143238068, 25.163906157016754]]"
279,0,21.5,"[[24867.544528782368, 1567.324788749218, 64.60566240549088]]"
280,1,19.624340057373047,"[[13624.31830561161, 1412.8633920550346, 10.304945647716522]]"
281,0,5.5,"[[13555.202077507973, 1034.0728654265404, 8.158748507499695]]"
282,-2,-2.0,"[[1.46126127243042, 132.30130344629288, 1.395654320716858]]"
283,2,1.0365095734596252,"[[13553.740816235542, 901.7715619802475, 6.763094186782837]]"
284,-2,-2.0,"[[4347.311750173569, 647.3251464962959, 3.6550873517990112]]"
285,-2,-2.0,"[[9206.429066061974, 254.44641548395157, 3.1080068349838257]]"
286,-2,-2.0,"[[69.1162281036377, 378.79052662849426, 2.1461971402168274]]"
287,1,25.734862327575684,"[[11243.226223170757, 154.46139669418335, 54.30071675777435]]"
288,-2,-2.0,"[[10702.794991016388, 33.53767937421799, 28.23009216785431]]"
289,0,24.5,"[[540.4312321543694, 120.92371731996536, 26.070624589920044]]"
290,-2,-2.0,"[[0.0, 120.92371731996536, 11.557093381881714]]"
291,-2,-2.0,"[[540.4312321543694, 0.0, 14.51353120803833]]"
292,0,8.5,"[[155335.5774677992, 519.7471265792847, 1464.1245312094688]]"
293,1,9.829520225524902,"[[50887.01311081648, 135.0183812379837, 1225.570812702179]]"
294,1,3.346630334854126,"[[50758.37292402983, 48.886587738990784, 995.2295926213264]]"
295,-2,-2.0,"[[24888.482352495193, 0.0, 97.94351816177368]]"
296,0,2.5,"[[25869.890571534634, 48.886587738990784, 897.2860744595528]]"
297,1,4.292421579360962,"[[1076.993506193161, 11.938119888305664, 450.5093375444412]]"
298,0,1.5,"[[1048.0263521671295, 0.0, 183.58019173145294]]"
299,-2,-2.0,"[[14.207711935043335, 0.0, 134.94265520572662]]"
300,-2,-2.0,"[[1033.8186402320862, 0.0, 48.63753652572632]]"
301,-2,-2.0,"[[28.967154026031494, 11.938119888305664, 266.9291458129883]]"
302,1,5.332115173339844,"[[24792.897065341473, 36.94846785068512, 446.77673691511154]]"
303,-2,-2.0,"[[11065.685370206833, 0.0, 0.0]]"
304,0,4.5,"[[13727.21169513464, 36.94846785068512, 446.77673691511154]]"
305,1,6.254212856292725,"[[729.0307785272598, 20.32314920425415, 276.2306501865387]]"
306,-2,-2.0,"[[715.441810131073, 0.0, 74.89000368118286]]"
307,-2,-2.0,"[[13.588968396186829, 20.32314920425415, 201.34064650535583]]"
308,-2,-2.0,"[[12998.18091660738, 16.62531864643097, 170.54608672857285]]"
309,-2,-2.0,"[[128.6401867866516, 86.13179349899292, 230.3412200808525]]"
310,1,23.587139129638672,"[[104448.56435698271, 384.72874534130096, 238.5537185072899]]"
311,-2,-2.0,"[[93753.52278101444, 151.74743765592575, 145.70326566696167]]"
312,0,22.5,"[[10695.041575968266, 232.9813076853752, 92.85045284032822]]"
313,2,7.095487117767334,"[[275.35591304302216, 156.1492766737938, 23.466415464878082]]"
314,-2,-2.0,"[[2.3898805975914, 148.14491868019104, 21.420792043209076]]"
315,-2,-2.0,"[[272.96603244543076, 8.004357993602753, 2.0456234216690063]]"
316,-2,-2.0,"[[10419.685662925243, 76.83203101158142, 69.38403737545013]]"
317,0,10.5,"[[121086.65359055996, 3773.774076104164, 8904.326419055462]]"
318,2,6.900497674942017,"[[55476.277328789234, 1431.4518176913261, 7938.0361768603325]]"
319,1,11.476405620574951,"[[36293.920687019825, 1308.4797469973564, 1638.8126977682114]]"
320,2,3.0720901489257812,"[[36255.04428434372, 873.4206418395042, 1619.9744147658348]]"
321,1,6.960954904556274,"[[15243.08926641941, 617.1217111945152, 111.90457797050476]]"
322,-2,-2.0,"[[12527.43435972929, 205.64749056100845, 111.17673724889755]]"
323,0,7.5,"[[2715.6549066901207, 411.4742206335068, 0.7278407216072083]]"
324,-2,-2.0,"[[77.1044312119484, 247.0892019867897, 0.7278407216072083]]"
325,-2,-2.0,"[[2638.5504754781723, 164.38501864671707, 0.0]]"
326,0,6.5,"[[21011.95501792431, 256.298930644989, 1508.06983679533]]"
327,1,7.792856693267822,"[[13404.847546577454, 215.78673815727234, 1450.1300299167633]]"
328,1,1.8354034423828125,"[[13390.615039229393, 69.85500144958496, 1263.291147351265]]"
329,-2,-2.0,"[[4541.265830516815, 0.0, 0.0]]"
330,0,0.5,"[[8849.349208712578, 69.85500144958496, 1263.291147351265]]"
331,1,2.16749906539917,"[[166.0160403251648, 19.221569538116455, 438.5337997674942]]"
332,-2,-2.0,"[[162.41262245178223, 0.0, 24.211100816726685]]"
333,-2,-2.0,"[[3.6034178733825684, 19.221569538116455, 414.3226989507675]]"
334,0,4.5,"[[8683.333168387413, 50.633431911468506, 824.7573475837708]]"
335,1,5.980584144592285,"[[4765.6211133003235, 49.17834782600403, 782.1434489488602]]"
336,0,3.5,"[[4765.6211133003235, 4.0656232833862305, 546.6220190525055]]"
337,1,3.7402411699295044,"[[1952.5407054424286, 4.0656232833862305, 494.4223997592926]]"
338,-2,-2.0,"[[1824.220505952835, 0.0, 36.92466688156128]]"
339,-2,-2.0,"[[128.3201994895935, 4.0656232833862305, 457.4977328777313]]"
340,-2,-2.0,"[[2813.080407857895, 0.0, 52.19961929321289]]"
341,-2,-2.0,"[[0.0, 45.1127245426178, 235.52142989635468]]"
342,-2,-2.0,"[[3917.7120550870895, 1.4550840854644775, 42.61389863491058]]"
343,-2,-2.0,"[[14.232507348060608, 145.93173670768738, 186.83888256549835]]"
344,-2,-2.0,"[[7607.107471346855, 40.512192487716675, 57.93980687856674]]"
345,-2,-2.0,"[[38.8764026761055, 435.0591051578522, 18.838283002376556]]"
346,1,1.6441299319267273,"[[19182.35664176941, 122.97207069396973, 6299.223479092121]]"
347,-2,-2.0,"[[3941.663060426712, 0.0, 12.845890402793884]]"
348,0,0.5,"[[15240.693581342697, 122.97207069396973, 6286.377588689327]]"
349,-2,-2.0,"[[97.91272711753845, 0.0, 723.6820499897003]]"
350,1,3.089236617088318,"[[15142.780854225159, 122.97207069396973, 5562.695538699627]]"
351,-2,-2.0,"[[2788.226987361908, 0.0, 88.99621868133545]]"
352,0,2.5,"[[12354.55386686325, 122.97207069396973, 5473.6993200182915]]"
353,1,3.772544264793396,"[[538.7954659461975, 37.00543165206909, 1389.535810828209]]"
354,-2,-2.0,"[[520.6451914310455, 0.0, 269.09898805618286]]"
355,-2,-2.0,"[[18.150274515151978, 37.00543165206909, 1120.436822772026]]"
356,1,12.012104034423828,"[[11815.758400917053, 85.96663904190063, 4084.1635091900826]]"
357,2,9.405414581298828,"[[11813.187368869781, 21.659575700759888, 3726.3130796551704]]"
358,0,8.5,"[[7291.486361980438, 21.659575700759888, 1191.0113663077354]]"
359,1,9.64295244216919,"[[5044.84608912468, 21.659575700759888, 1162.656587600708]]"
360,1,5.324136018753052,"[[5026.464072942734, 0.0, 913.7379906177521]]"
361,-2,-2.0,"[[1948.246054649353, 0.0, 30.327993631362915]]"
362,0,4.5,"[[3078.2180182933807, 0.0, 883.4099969863892]]"
363,-2,-2.0,"[[56.66892981529236, 0.0, 393.94364762306213]]"
364,-2,-2.0,"[[3021.5490884780884, 0.0, 489.466349363327]]"
365,-2,-2.0,"[[18.3820161819458, 21.659575700759888, 248.91859698295593]]"
366,-2,-2.0,"[[2246.6402728557587, 0.0, 28.354778707027435]]"
367,1,4.5737996101379395,"[[4521.701006889343, 0.0, 2535.301713347435]]"
368,-2,-2.0,"[[758.1299071311951, 0.0, 16.20048213005066]]"
369,0,9.5,"[[3763.571099758148, 0.0, 2519.1012312173843]]"
370,1,8.958547592163086,"[[2433.0322921276093, 0.0, 2347.816397666931]]"
371,0,6.5,"[[2377.0898871421814, 0.0, 1249.6652110815048]]"
372,1,7.181334733963013,"[[1057.2937760353088, 0.0, 1214.7321211099625]]"
373,0,4.5,"[[1049.068305015564, 0.0, 819.6379541158676]]"
374,-2,-2.0,"[[273.09922456741333, 0.0, 701.7621272802353]]"
375,-2,-2.0,"[[775.9690804481506, 0.0, 117.87582683563232]]"
376,-2,-2.0,"[[8.225471019744873, 0.0, 395.09416699409485]]"
377,-2,-2.0,"[[1319.7961111068726, 0.0, 34.93308997154236]]"
378,-2,-2.0,"[[55.942404985427856, 0.0, 1098.1511865854263]]"
379,1,11.629717826843262,"[[1330.538807630539, 0.0, 171.2848335504532]]"
380,-2,-2.0,"[[1298.9235680103302, 0.0, 24.721240997314453]]"
381,-2,-2.0,"[[31.61523962020874, 0.0, 146.56359255313873]]"
382,-2,-2.0,"[[2.5710320472717285, 64.30706334114075, 357.8504295349121]]"
383,1,13.715761184692383,"[[65610.37626177073, 2342.322258412838, 966.2902421951294]]"
384,-2,-2.0,"[[17456.668466448784, 86.73530077934265, 17.324312686920166]]"
385,0,12.5,"[[48153.70779532194, 2255.5869576334953, 948.9659295082092]]"
386,2,7.133537769317627,"[[133.85612392425537, 426.3830175995827, 326.2950700521469]]"
387,-2,-2.0,"[[25.79221999645233, 302.6619721055031, 2.0664087533950806]]"
388,-2,-2.0,"[[108.06390392780304, 123.72104549407959, 324.22866129875183]]"
389,1,16.18970489501953,"[[48019.851671397686, 1829.2039400339127, 622.6708594560623]]"
390,-2,-2.0,"[[11422.874886274338, 70.88595473766327, 0.0]]"
391,0,17.5,"[[36596.97678512335, 1758.3179852962494, 622.6708594560623]]"
392,1,18.63771152496338,"[[1551.2278787493706, 712.4232270717621, 138.78726613521576]]"
393,2,4.275079965591431,"[[1546.7101202607155, 295.63596683740616, 76.16355782747269]]"
394,-2,-2.0,"[[34.43837034702301, 223.19415652751923, 7.151880443096161]]"
395,-2,-2.0,"[[1512.2717499136925, 72.44181030988693, 69.01167738437653]]"
396,-2,-2.0,"[[4.51775848865509, 416.7872602343559, 62.62370830774307]]"
397,1,20.31965160369873,"[[35045.74890637398, 1045.8947582244873, 483.88359332084656]]"
398,-2,-2.0,"[[14559.022250056267, 68.02380430698395, 15.46641457080841]]"
399,0,21.5,"[[20486.72665631771, 977.8709539175034, 468.41717875003815]]"
400,1,22.75315570831299,"[[968.0102544426918, 540.7654026150703, 105.16883260011673]]"
401,0,19.5,"[[957.2124521136284, 299.3845012187958, 96.56955170631409]]"
402,-2,-2.0,"[[77.01363337039948, 235.00941252708435, 57.20787739753723]]"
403,-2,-2.0,"[[880.1988187432289, 64.37508869171143, 39.361674308776855]]"
404,-2,-2.0,"[[10.797802329063416, 241.38090139627457, 8.599280893802643]]"
405,1,23.40806293487549,"[[19518.71640187502, 437.105551302433, 363.2483461499214]]"
406,-2,-2.0,"[[9267.223200082779, 0.8396475315093994, 15.553955912590027]]"
407,0,24.5,"[[10251.49320179224, 436.2659037709236, 347.6943902373314]]"
408,2,8.019694328308105,"[[1758.361129105091, 392.10045206546783, 181.66506278514862]]"
409,-2,-2.0,"[[418.6328392624855, 378.5127298235893, 132.24768233299255]]"
410,-2,-2.0,"[[1339.7282898426056, 13.58772224187851, 49.41738045215607]]"
411,-2,-2.0,"[[8493.132072687149, 44.16545170545578, 166.02932745218277]]"
412,0,26.5,"[[6385.803715825081, 6214.598935484886, 857.0441048741341]]"
413,0,24.5,"[[180.25009667873383, 5590.985329926014, 152.2968145608902]]"
414,-2,-2.0,"[[0.0, 4220.6951249837875, 4.387150526046753]]"
415,1,28.7936372756958,"[[180.25009667873383, 1370.2902049422264, 147.90966403484344]]"
416,-2,-2.0,"[[180.25009667873383, 234.53681367635727, 124.12312865257263]]"
417,-2,-2.0,"[[0.0, 1135.7533912658691, 23.786535382270813]]"
418,2,7.799846649169922,"[[6205.553619146347, 623.6136055588722, 704.7472903132439]]"
419,1,28.590384483337402,"[[2017.3816967010498, 612.3075774908066, 663.4062322974205]]"
420,-2,-2.0,"[[1487.7407509088516, 0.9414833784103394, 63.75200414657593]]"
421,0,28.5,"[[529.6409457921982, 611.3660941123962, 599.6542281508446]]"
422,4,1.5956273078918457,"[[77.36730003356934, 609.7372441291809, 358.97546976804733]]"
423,-2,-2.0,"[[77.36730003356934, 95.46481770277023, 343.4704142808914]]"
424,-2,-2.0,"[[0.0, 514.2724264264107, 15.505055487155914]]"
425,-2,-2.0,"[[452.27364575862885, 1.628849983215332, 240.67875838279724]]"
426,-2,-2.0,"[[4188.171922445297, 11.306028068065643, 41.341058015823364]]"
427,3,-1.5701590180397034,"[[151606.98457449675, 1644.6350615024567, 40019.563648462296]]"
428,0,16.5,"[[95434.20724415779, 115.55503749847412, 9703.456570923328]]"
429,2,15.809021949768066,"[[48797.62476801872, 63.476853370666504, 9126.97262865305]]"
430,3,-1.8091742992401123,"[[30699.38719367981, 6.481381893157959, 2523.1012156009674]]"
431,-2,-2.0,"[[14035.887507677078, 6.481381893157959, 351.0217641592026]]"
432,0,13.5,"[[16663.49968600273, 0.0, 2172.079451441765]]"
433,1,13.83451509475708,"[[11790.360306739807, 0.0, 2086.920429110527]]"
434,0,11.5,"[[11678.153704404831, 0.0, 1713.7078437805176]]"
435,1,4.973397254943848,"[[9598.184420585632, 0.0, 1690.3071439266205]]"
436,-2,-2.0,"[[4430.885101079941, 0.0, 316.74511671066284]]"
437,0,4.5,"[[5167.2993195056915, 0.0, 1373.5620272159576]]"
438,-2,-2.0,"[[35.55635142326355, 0.0, 366.59838366508484]]"
439,1,6.6850950717926025,"[[5131.742968082428, 0.0, 1006.9636435508728]]"
440,-2,-2.0,"[[1801.437081336975, 0.0, 35.79292440414429]]"
441,0,6.5,"[[3330.305886745453, 0.0, 971.1707191467285]]"
442,-2,-2.0,"[[202.1457962989807, 0.0, 369.4509711265564]]"
443,1,9.076018810272217,"[[3128.160090446472, 0.0, 601.7197480201721]]"
444,-2,-2.0,"[[1719.5698113441467, 0.0, 43.295695066452026]]"
445,0,8.5,"[[1408.5902791023254, 0.0, 558.4240529537201]]"
446,-2,-2.0,"[[109.10172414779663, 0.0, 322.41263031959534]]"
447,1,11.47503662109375,"[[1299.4885549545288, 0.0, 236.01142263412476]]"
448,-2,-2.0,"[[1236.2830653190613, 0.0, 60.04677629470825]]"
449,-2,-2.0,"[[63.20548963546753, 0.0, 175.9646463394165]]"
450,-2,-2.0,"[[2079.9692838191986, 0.0, 23.400699853897095]]"
451,-2,-2.0,"[[112.2066023349762, 0.0, 373.21258533000946]]"
452,-2,-2.0,"[[4873.139379262924, 0.0, 85.1590223312378]]"
453,3,-1.7943630814552307,"[[18098.237574338913, 56.995471477508545, 6603.871413052082]]"
454,1,4.7456278800964355,"[[10577.888839960098, 16.106351852416992, 2084.3302388191223]]"
455,-2,-2.0,"[[4008.296668767929, 0.0, 170.57774686813354]]"
456,0,5.5,"[[6569.592171192169, 16.106351852416992, 1913.7524919509888]]"
457,-2,-2.0,"[[39.48616814613342, 0.0, 334.8285022974014]]"
458,-2,-2.0,"[[6530.106003046036, 16.106351852416992, 1578.9239896535873]]"
459,1,10.241096496582031,"[[7520.348734378815, 40.88911962509155, 4519.54117423296]]"
460,0,8.5,"[[4956.966639280319, 0.0, 1881.3924342989922]]"
461,1,8.112099170684814,"[[3626.262877225876, 0.0, 1863.128624856472]]"
462,-2,-2.0,"[[3602.898461818695, 0.0, 1234.617781341076]]"
463,-2,-2.0,"[[23.364415407180786, 0.0, 628.5108435153961]]"
464,-2,-2.0,"[[1330.7037620544434, 0.0, 18.26380944252014]]"
465,0,11.5,"[[2563.3820950984955, 40.88911962509155, 2638.1487399339676]]"
466,-2,-2.0,"[[58.95109558105469, 19.87306261062622, 859.4036722183228]]"
467,1,14.89264726638794,"[[2504.430999517441, 21.016057014465332, 1778.7450677156448]]"
468,0,13.5,"[[1853.2260954380035, 0.0, 657.5276874303818]]"
469,1,12.707050800323486,"[[872.9932019710541, 0.0, 654.3393174409866]]"
470,-2,-2.0,"[[651.7554552555084, 0.0, 34.72623014450073]]"
471,2,16.09943437576294,"[[221.23774671554565, 0.0, 619.6130872964859]]"
472,-2,-2.0,"[[153.73862171173096, 0.0, 0.0]]"
473,-2,-2.0,"[[67.4991250038147, 0.0, 619.6130872964859]]"
474,-2,-2.0,"[[980.2328934669495, 0.0, 3.1883699893951416]]"
475,0,14.5,"[[651.2049040794373, 21.016057014465332, 1121.217380285263]]"
476,-2,-2.0,"[[24.995259761810303, 4.441346168518066, 610.1520826816559]]"
477,1,17.148374557495117,"[[626.209644317627, 16.574710845947266, 511.0652976036072]]"
478,-2,-2.0,"[[427.4876642227173, 0.0, 9.597560167312622]]"
479,2,16.90328598022461,"[[198.72198009490967, 16.574710845947266, 501.46773743629456]]"
480,-2,-2.0,"[[172.12104654312134, 0.0, 34.10816180706024]]"
481,-2,-2.0,"[[26.60093355178833, 16.574710845947266, 467.3595756292343]]"
482,0,24.5,"[[46636.58247613907, 52.07818412780762, 576.4839422702789]]"
483,1,26.7155704498291,"[[25953.481533646584, 48.09760665893555, 555.4452115893364]]"
484,-2,-2.0,"[[25950.680056333542, 25.563286304473877, 495.3149178624153]]"
485,-2,-2.0,"[[2.801477313041687, 22.53432035446167, 60.13029372692108]]"
486,-2,-2.0,"[[20683.100942492485, 3.9805774688720703, 21.038730680942535]]"
487,0,23.5,"[[56172.777330338955, 1529.0800240039825, 30316.107077538967]]"
488,3,-1.282487392425537,"[[41172.81803035736, 1521.6072585582733, 30053.020875275135]]"
489,2,15.047085285186768,"[[25120.39366787672, 354.43959736824036, 12561.125155448914]]"
490,0,10.5,"[[14781.877702772617, 0.0, 4166.13878172636]]"
491,1,1.261004626750946,"[[7429.613656759262, 0.0, 3350.4699623584747]]"
492,-2,-2.0,"[[1264.9990994930267, 0.0, 0.0]]"
493,0,0.5,"[[6164.614557266235, 0.0, 3350.4699623584747]]"
494,-2,-2.0,"[[34.80462646484375, 0.0, 478.19438648223877]]"
495,1,8.810666561126709,"[[6129.809930801392, 0.0, 2872.275575876236]]"
496,0,7.5,"[[5229.975147008896, 0.0, 1650.285529255867]]"
497,1,6.908576726913452,"[[2950.339453935623, 0.0, 1642.8247109651566]]"
498,0,4.5,"[[2826.8444378376007, 0.0, 1019.0080744028091]]"
499,1,4.4676673412323,"[[1435.8939535617828, 0.0, 930.4306126832962]]"
500,-2,-2.0,"[[1373.3600027561188, 0.0, 350.2863417863846]]"
501,-2,-2.0,"[[62.53395080566406, 0.0, 580.1442708969116]]"
502,-2,-2.0,"[[1390.9504842758179, 0.0, 88.57746171951294]]"
503,-2,-2.0,"[[123.49501609802246, 0.0, 623.8166365623474]]"
504,-2,-2.0,"[[2279.6356930732727, 0.0, 7.460818290710449]]"
505,0,8.5,"[[899.8347837924957, 0.0, 1221.990046620369]]"
506,-2,-2.0,"[[40.8418550491333, 0.0, 871.3453183174133]]"
507,1,11.501749038696289,"[[858.9929287433624, 0.0, 350.6447283029556]]"
508,-2,-2.0,"[[834.93066239357, 0.0, 89.62008476257324]]"
509,-2,-2.0,"[[24.06226634979248, 0.0, 261.0246435403824]]"
510,-2,-2.0,"[[7352.264046013355, 0.0, 815.6688193678856]]"
511,0,19.5,"[[10338.515965104103, 354.43959736824036, 8394.986373722553]]"
512,1,14.58064317703247,"[[8868.194205284119, 351.91348576545715, 8081.599040150642]]"
513,0,13.5,"[[7143.416216611862, 98.94311594963074, 5403.113102316856]]"
514,1,12.85278034210205,"[[6323.837089061737, 98.94311594963074, 5360.473741650581]]"
515,0,11.5,"[[6320.365706443787, 71.37190365791321, 4662.666922688484]]"
516,1,10.447222709655762,"[[5334.46821475029, 71.37190365791321, 4537.682458043098]]"
517,0,9.5,"[[5319.43111205101, 38.47462821006775, 3911.001181960106]]"
518,1,5.8958494663238525,"[[4380.804137706757, 38.47462821006775, 3839.933522582054]]"
519,0,5.5,"[[3253.9507563114166, 31.038445711135864, 1688.4964981079102]]"
520,1,4.4211814403533936,"[[1971.4248077869415, 31.038445711135864, 1603.8546917438507]]"
521,0,2.5,"[[1961.4420788288116, 8.474254131317139, 1126.022148013115]]"
522,1,2.2581483125686646,"[[838.496787071228, 8.474254131317139, 1026.5994412899017]]"
523,-2,-2.0,"[[803.232408285141, 0.0, 412.5099501609802]]"
524,-2,-2.0,"[[35.264378786087036, 8.474254131317139, 614.0894911289215]]"
525,-2,-2.0,"[[1122.9452917575836, 0.0, 99.4227067232132]]"
526,-2,-2.0,"[[9.982728958129883, 22.564191579818726, 477.8325437307358]]"
527,-2,-2.0,"[[1282.525948524475, 0.0, 84.64180636405945]]"
528,0,6.5,"[[1126.85338139534, 7.436182498931885, 2151.437024474144]]"
529,-2,-2.0,"[[53.39324712753296, 7.436182498931885, 1187.0972768068314]]"
530,1,8.822452068328857,"[[1073.460134267807, 0.0, 964.3397476673126]]"
531,-2,-2.0,"[[1059.0013954639435, 0.0, 496.5324914455414]]"
532,-2,-2.0,"[[14.458738803863525, 0.0, 467.80725622177124]]"
533,-2,-2.0,"[[938.6269743442535, 0.0, 71.06765937805176]]"
534,-2,-2.0,"[[15.037102699279785, 32.89727544784546, 626.6812760829926]]"
535,1,12.164708137512207,"[[985.8974916934967, 0.0, 124.98446464538574]]"
536,-2,-2.0,"[[873.9596865177155, 0.0, 0.0]]"
537,-2,-2.0,"[[111.93780517578125, 0.0, 124.98446464538574]]"
538,-2,-2.0,"[[3.4713826179504395, 27.57121229171753, 697.8068189620972]]"
539,-2,-2.0,"[[819.5791275501251, 0.0, 42.639360666275024]]"
540,0,15.5,"[[1724.7779886722565, 252.97036981582642, 2678.485937833786]]"
541,4,1.600353181362152,"[[275.0804834365845, 194.7814326286316, 1699.6774998903275]]"
542,-2,-2.0,"[[265.4961168766022, 148.57907915115356, 612.2061537504196]]"
543,-2,-2.0,"[[9.5843665599823, 46.20235347747803, 1087.4713461399078]]"
544,1,20.048983573913574,"[[1449.697505235672, 58.188937187194824, 978.8084379434586]]"
545,-2,-2.0,"[[1406.1549689769745, 0.0, 576.4017144441605]]"
546,-2,-2.0,"[[43.54253625869751, 58.188937187194824, 402.4067234992981]]"
547,-2,-2.0,"[[1470.3217598199844, 2.526111602783203, 313.38733357191086]]"
548,1,16.083752632141113,"[[16052.42436248064, 1167.167661190033, 17491.89571982622]]"
549,1,1.2193574905395508,"[[11001.927190184593, 157.95480370521545, 12670.183135390282]]"
550,-2,-2.0,"[[1284.4579076766968, 5.0427703857421875, 225.8681732416153]]"
551,0,2.5,"[[9717.469282507896, 152.91203331947327, 12444.314962148666]]"
552,-2,-2.0,"[[183.3324432373047, 59.624573945999146, 1342.3829336166382]]"
553,1,4.572363615036011,"[[9534.136839270592, 93.28745937347412, 11101.932028532028]]"
554,-2,-2.0,"[[2028.1958726644516, 0.0, 826.2729871273041]]"
555,0,6.5,"[[7505.94096660614, 93.28745937347412, 10275.659041404724]]"
556,1,6.428210973739624,"[[720.353508234024, 18.194271087646484, 3166.366565465927]]"
557,2,14.249594688415527,"[[720.353508234024, 0.0, 1865.777088880539]]"
558,0,5.5,"[[534.1574606895447, 0.0, 441.8993148803711]]"
559,-2,-2.0,"[[38.91270685195923, 0.0, 406.017192363739]]"
560,-2,-2.0,"[[495.24475383758545, 0.0, 35.88212251663208]]"
561,-2,-2.0,"[[186.19604754447937, 0.0, 1423.8777740001678]]"
562,-2,-2.0,"[[0.0, 18.194271087646484, 1300.5894765853882]]"
563,1,8.11710500717163,"[[6785.587458372116, 75.09318828582764, 7109.292475938797]]"
564,2,15.077240467071533,"[[1661.3812217712402, 0.0, 542.8177446126938]]"
565,-2,-2.0,"[[782.8469867706299, 0.0, 13.471858024597168]]"
566,-2,-2.0,"[[878.5342350006104, 0.0, 529.3458865880966]]"
567,0,10.5,"[[5124.206236600876, 75.09318828582764, 6566.474731326103]]"
568,1,10.320533275604248,"[[1588.118923664093, 51.13610219955444, 3845.3155682086945]]"
569,0,9.5,"[[1459.3365943431854, 0.0, 2207.0546964406967]]"
570,1,8.490714073181152,"[[541.4789273738861, 0.0, 1858.679504275322]]"
571,2,14.09957218170166,"[[400.8228328227997, 0.0, 386.0621953010559]]"
572,-2,-2.0,"[[363.97730708122253, 0.0, 20.918906450271606]]"
573,-2,-2.0,"[[36.84552574157715, 0.0, 365.1432888507843]]"
574,-2,-2.0,"[[140.65609455108643, 0.0, 1472.617308974266]]"
575,2,16.773816108703613,"[[917.8576669692993, 0.0, 348.37519216537476]]"
576,-2,-2.0,"[[642.3038530349731, 0.0, 23.327484369277954]]"
577,-2,-2.0,"[[275.5538139343262, 0.0, 325.0477077960968]]"
578,-2,-2.0,"[[128.7823293209076, 51.13610219955444, 1638.2608717679977]]"
579,1,11.853321075439453,"[[3536.087312936783, 23.957086086273193, 2721.1591631174088]]"
580,-2,-2.0,"[[1218.958191394806, 0.0, 41.69887161254883]]"
581,0,12.5,"[[2317.129121541977, 23.957086086273193, 2679.46029150486]]"
582,1,13.343765258789062,"[[496.8365194797516, 23.957086086273193, 1699.7848020792007]]"
583,2,13.603477478027344,"[[488.8832416534424, 0.0, 873.9567435979843]]"
584,-2,-2.0,"[[313.7887923717499, 0.0, 83.36664927005768]]"
585,-2,-2.0,"[[175.0944492816925, 0.0, 790.5900943279266]]"
586,-2,-2.0,"[[7.953277826309204, 23.957086086273193, 825.8280584812164]]"
587,1,13.902415752410889,"[[1820.2926020622253, 0.0, 979.6754894256592]]"
588,-2,-2.0,"[[710.4187865257263, 0.0, 0.0]]"
589,2,15.685128211975098,"[[1109.873815536499, 0.0, 979.6754894256592]]"
590,-2,-2.0,"[[772.9365706443787, 0.0, 116.39051353931427]]"
591,0,15.5,"[[336.93724489212036, 0.0, 863.2849758863449]]"
592,-2,-2.0,"[[83.10513019561768, 0.0, 860.6831840276718]]"
593,-2,-2.0,"[[253.83211469650269, 0.0, 2.6017918586730957]]"
594,0,16.5,"[[5050.497172296047, 1009.2128574848175, 4821.71258443594]]"
595,1,17.878762245178223,"[[853.8014090061188, 836.9249348640442, 2095.3640520572662]]"
596,0,15.5,"[[843.048593044281, 143.95374393463135, 1163.6955355405807]]"
597,-2,-2.0,"[[67.9956443309784, 143.95374393463135, 737.1853880882263]]"
598,2,15.918055057525635,"[[775.0529487133026, 0.0, 426.51014745235443]]"
599,-2,-2.0,"[[688.549816608429, 0.0, 3.84588360786438]]"
600,-2,-2.0,"[[86.50313210487366, 0.0, 422.66426384449005]]"
601,-2,-2.0,"[[10.752815961837769, 692.9711909294128, 931.6685165166855]]"
602,1,24.017728805541992,"[[4196.695763289928, 172.28792262077332, 2726.3485323786736]]"
603,1,18.810511589050293,"[[4027.5251943469048, 53.25507473945618, 1842.8380883932114]]"
604,-2,-2.0,"[[934.7055637836456, 0.0, 4.199869871139526]]"
605,0,20.5,"[[3092.819630563259, 53.25507473945618, 1838.6382185220718]]"
606,1,21.85112190246582,"[[1828.1112313866615, 53.25507473945618, 1771.0314038395882]]"
607,0,18.5,"[[1722.7107563018799, 0.0, 951.6902252435684]]"
608,1,20.118374824523926,"[[649.3247015476227, 0.0, 828.7545472383499]]"
609,2,17.243061065673828,"[[620.1155649423599, 0.0, 282.7705514431]]"
610,-2,-2.0,"[[608.8757487535477, 0.0, 93.47868049144745]]"
611,-2,-2.0,"[[11.239816188812256, 0.0, 189.29187095165253]]"
612,-2,-2.0,"[[29.209136605262756, 0.0, 545.9839957952499]]"
613,-2,-2.0,"[[1073.3860547542572, 0.0, 122.9356780052185]]"
614,-2,-2.0,"[[105.40047508478165, 53.25507473945618, 819.3411785960197]]"
615,-2,-2.0,"[[1264.7083991765976, 0.0, 67.60681468248367]]"
616,-2,-2.0,"[[169.17056894302368, 119.03284788131714, 883.5104439854622]]"
617,0,25.5,"[[14999.959299981594, 7.4727654457092285, 263.0862022638321]]"
618,1,26.410637855529785,"[[2693.857478618622, 4.06771445274353, 225.02485305070877]]"
619,-2,-2.0,"[[2400.5156391859055, 0.0, 11.596946001052856]]"
620,-2,-2.0,"[[293.34183943271637, 4.06771445274353, 213.42790704965591]]"
621,-2,-2.0,"[[12306.101821362972, 3.4050509929656982, 38.06134921312332]]"
622,1,7.594744443893433,"[[7962.982805967331, 889533.5854316354, 184841.361335814]]"
623,2,12.632216453552246,"[[1763.1789687275887, 270969.45617830753, 100728.89053040743]]"
624,4,-1.0602123737335205,"[[1693.3291204571724, 201558.36027371883, 32256.15418893099]]"
625,2,8.037572860717773,"[[9.39116108417511, 106882.80541074276, 9387.530881404877]]"
626,1,1.1414011716842651,"[[9.39116108417511, 81272.19506585598, 838.929631114006]]"
627,2,6.512010812759399,"[[9.39116108417511, 14373.848693609238, 836.2878816127777]]"
628,-2,-2.0,"[[9.39116108417511, 12217.282040834427, 29.756246089935303]]"
629,4,-1.2132611870765686,"[[0.0, 2156.566652774811, 806.5316355228424]]"
630,4,-1.5525508522987366,"[[0.0, 2096.0474438667297, 219.53522181510925]]"
631,-2,-2.0,"[[0.0, 1659.290832042694, 11.426949977874756]]"
632,-2,-2.0,"[[0.0, 436.75661182403564, 208.1082718372345]]"
633,-2,-2.0,"[[0.0, 60.519208908081055, 586.9964137077332]]"
634,-2,-2.0,"[[0.0, 66898.34637224674, 2.6417495012283325]]"
635,1,2.3515461683273315,"[[0.0, 25610.61034488678, 8548.60125029087]]"
636,1,1.2463501691818237,"[[0.0, 3679.487804889679, 7761.768952488899]]"
637,2,8.965211868286133,"[[0.0, 409.86509132385254, 5524.311569094658]]"
638,4,-1.5480576753616333,"[[0.0, 351.11014461517334, 881.0444512367249]]"
639,-2,-2.0,"[[0.0, 340.2876863479614, 288.83643674850464]]"
640,-2,-2.0,"[[0.0, 10.822458267211914, 592.2080144882202]]"
641,-2,-2.0,"[[0.0, 58.7549467086792, 4643.267117857933]]"
642,2,10.085864067077637,"[[0.0, 3269.6227135658264, 2237.4573833942413]]"
643,-2,-2.0,"[[0.0, 2155.600842475891, 173.34371972084045]]"
644,4,-1.593175232410431,"[[0.0, 1114.0218710899353, 2064.113663673401]]"
645,0,2.5,"[[0.0, 890.2135753631592, 509.8127112388611]]"
646,-2,-2.0,"[[0.0, 869.6419558525085, 217.394513130188]]"
647,-2,-2.0,"[[0.0, 20.571619510650635, 292.4181981086731]]"
648,0,1.5,"[[0.0, 223.80829572677612, 1554.3009524345398]]"
649,-2,-2.0,"[[0.0, 212.93607091903687, 338.75352239608765]]"
650,-2,-2.0,"[[0.0, 10.872224807739258, 1215.5474300384521]]"
651,2,11.478539943695068,"[[0.0, 21931.1225399971, 786.8322978019714]]"
652,4,-1.3818519711494446,"[[0.0, 16813.255677223206, 211.29355382919312]]"
653,-2,-2.0,"[[0.0, 13395.800143241882, 0.0]]"
654,-2,-2.0,"[[0.0, 3417.4555339813232, 211.29355382919312]]"
655,1,5.217411756515503,"[[0.0, 5117.866862773895, 575.5387439727783]]"
656,0,2.5,"[[0.0, 2292.978060245514, 565.7017097473145]]"
657,-2,-2.0,"[[0.0, 1919.1673855781555, 183.03998804092407]]"
658,-2,-2.0,"[[0.0, 373.8106746673584, 382.6617217063904]]"
659,-2,-2.0,"[[0.0, 2824.8888025283813, 9.837034225463867]]"
660,0,7.5,"[[1683.9379593729973, 94675.55486297607, 22868.62330752611]]"
661,3,1.3407439589500427,"[[272.92789351940155, 91875.84848380089, 19470.91712754965]]"
662,2,2.0912243127822876,"[[229.1671928167343, 17529.31066083908, 8642.209338188171]]"
663,4,1.4307417273521423,"[[111.61065185070038, 983.7175667285919, 2084.9515557289124]]"
664,-2,-2.0,"[[18.801057815551758, 921.8440556526184, 795.5346425771713]]"
665,-2,-2.0,"[[92.80959403514862, 61.87351107597351, 1289.416913151741]]"
666,0,0.5,"[[117.55654096603394, 16545.59309411049, 6557.257782459259]]"
667,-2,-2.0,"[[0.0, 4608.905262231827, 112.77343702316284]]"
668,1,6.587750196456909,"[[117.55654096603394, 11936.687831878662, 6444.484345436096]]"
669,0,2.5,"[[117.55654096603394, 10364.55265045166, 6377.526978969574]]"
670,1,2.4116095304489136,"[[0.0, 4572.774256706238, 1383.754335284233]]"
671,2,8.035065174102783,"[[0.0, 2253.4403882026672, 1267.1768192052841]]"
672,4,1.087090790271759,"[[0.0, 843.8158214092255, 1191.491191625595]]"
673,1,1.1038793325424194,"[[0.0, 577.7963185310364, 161.81715774536133]]"
674,-2,-2.0,"[[0.0, 14.62515115737915, 152.1704716682434]]"
675,-2,-2.0,"[[0.0, 563.1711673736572, 9.64668607711792]]"
676,-2,-2.0,"[[0.0, 266.0195028781891, 1029.6740338802338]]"
677,-2,-2.0,"[[0.0, 1409.6245667934418, 75.68562757968903]]"
678,-2,-2.0,"[[0.0, 2319.3338685035706, 116.57751607894897]]"
679,1,3.2061251401901245,"[[117.55654096603394, 5791.778393745422, 4993.772643685341]]"
680,1,1.6676102876663208,"[[117.55654096603394, 21.075019598007202, 1160.3758754730225]]"
681,-2,-2.0,"[[96.92078971862793, 5.307851791381836, 19.620373845100403]]"
682,-2,-2.0,"[[20.635751247406006, 15.767167806625366, 1140.755501627922]]"
683,2,5.792121171951294,"[[0.0, 5770.703374147415, 3833.3967682123184]]"
684,-2,-2.0,"[[0.0, 836.4288358688354, 1506.9590299129486]]"
685,0,4.5,"[[0.0, 4934.27453827858, 2326.43773829937]]"
686,1,4.860463380813599,"[[0.0, 3737.686408519745, 966.1765549182892]]"
687,2,9.464926719665527,"[[0.0, 1949.1840467453003, 913.1943457126617]]"
688,4,1.542756736278534,"[[0.0, 650.9873013496399, 812.4319779872894]]"
689,-2,-2.0,"[[0.0, 624.1571216583252, 125.30642676353455]]"
690,-2,-2.0,"[[0.0, 26.830179691314697, 687.1255512237549]]"
691,-2,-2.0,"[[0.0, 1298.1967453956604, 100.76236772537231]]"
692,-2,-2.0,"[[0.0, 1788.5023617744446, 52.98220920562744]]"
693,1,5.91477370262146,"[[0.0, 1196.5881297588348, 1360.2611833810806]]"
694,-2,-2.0,"[[0.0, 155.5807182788849, 824.8788269758224]]"
695,4,1.606105923652649,"[[0.0, 1041.00741147995, 535.3823564052582]]"
696,-2,-2.0,"[[0.0, 1041.00741147995, 220.10431337356567]]"
697,-2,-2.0,"[[0.0, 0.0, 315.2780430316925]]"
698,-2,-2.0,"[[0.0, 1572.135181427002, 66.95736646652222]]"
699,0,2.5,"[[43.760700702667236, 74346.5378229618, 10828.707789361477]]"
700,4,-1.004300057888031,"[[0.0, 39637.280366659164, 3092.8212579488754]]"
701,2,8.462021827697754,"[[0.0, 2662.2770686149597, 1125.1058640480042]]"
702,-2,-2.0,"[[0.0, 1850.0090079307556, 168.88309526443481]]"
703,1,3.1092734336853027,"[[0.0, 812.2680606842041, 956.2227687835693]]"
704,-2,-2.0,"[[0.0, 11.301310062408447, 884.4742765426636]]"
705,-2,-2.0,"[[0.0, 800.9667506217957, 71.74849224090576]]"
706,2,1.9865134358406067,"[[0.0, 36975.003298044205, 1967.7153939008713]]"
707,4,1.6514433026313782,"[[0.0, 5841.3145403862, 1493.169510960579]]"
708,3,1.4020690321922302,"[[0.0, 4178.629644393921, 375.46333944797516]]"
709,0,1.0,"[[0.0, 357.42232608795166, 244.77958524227142]]"
710,-2,-2.0,"[[0.0, 332.05395889282227, 9.19373893737793]]"
711,-2,-2.0,"[[0.0, 25.368367195129395, 235.5858463048935]]"
712,-2,-2.0,"[[0.0, 3821.2073183059692, 130.68375420570374]]"
713,0,1.5,"[[0.0, 1662.684895992279, 1117.7061715126038]]"
714,2,0.8257597088813782,"[[0.0, 1541.0144319534302, 569.3201329708099]]"
715,3,1.8108854293823242,"[[0.0, 249.4991693496704, 494.7686998844147]]"
716,-2,-2.0,"[[0.0, 25.17787504196167, 490.72750973701477]]"
717,-2,-2.0,"[[0.0, 224.32129430770874, 4.041190147399902]]"
718,-2,-2.0,"[[0.0, 1291.5152626037598, 74.55143308639526]]"
719,1,2.9611072540283203,"[[0.0, 121.67046403884888, 548.3860385417938]]"
720,-2,-2.0,"[[0.0, 17.3648738861084, 548.3860385417938]]"
721,-2,-2.0,"[[0.0, 104.30559015274048, 0.0]]"
722,2,4.652899980545044,"[[0.0, 31133.688757658005, 474.54588294029236]]"
723,0,0.5,"[[0.0, 7633.776985168457, 394.9323272705078]]"
724,-2,-2.0,"[[0.0, 3689.881214618683, 0.0]]"
725,1,1.5929139852523804,"[[0.0, 3943.895770549774, 394.9323272705078]]"
726,-2,-2.0,"[[0.0, 152.46687746047974, 276.4092526435852]]"
727,-2,-2.0,"[[0.0, 3791.4288930892944, 118.52307462692261]]"
728,-2,-2.0,"[[0.0, 23499.911772489548, 79.61355566978455]]"
729,1,5.852464199066162,"[[43.760700702667236, 34709.25745630264, 7735.8865314126015]]"
730,1,3.02760112285614,"[[43.760700702667236, 22598.632075309753, 7457.745648443699]]"
731,2,11.902450561523438,"[[43.760700702667236, 578.7131388187408, 1433.0305523872375]]"
732,-2,-2.0,"[[43.760700702667236, 350.7348954677582, 1417.5859467983246]]"
733,-2,-2.0,"[[0.0, 227.97824335098267, 15.444605588912964]]"
734,0,4.5,"[[0.0, 22019.918936491013, 6024.715096056461]]"
735,2,7.828891754150391,"[[0.0, 17523.993847846985, 2794.382209300995]]"
736,1,3.4749393463134766,"[[0.0, 9918.69125699997, 2710.933161497116]]"
737,4,1.439020574092865,"[[0.0, 1169.3590989112854, 1705.0572354793549]]"
738,4,1.1105300188064575,"[[0.0, 1056.4211230278015, 397.3275671005249]]"
739,-2,-2.0,"[[0.0, 571.3401846885681, 0.0]]"
740,-2,-2.0,"[[0.0, 485.0809383392334, 397.3275671005249]]"
741,-2,-2.0,"[[0.0, 112.93797588348389, 1307.72966837883]]"
742,4,1.566987156867981,"[[0.0, 8749.332158088684, 1005.8759260177612]]"
743,-2,-2.0,"[[0.0, 5623.357043266296, 90.35135698318481]]"
744,1,4.819359540939331,"[[0.0, 3125.9751148223877, 915.5245690345764]]"
745,2,5.221919298171997,"[[0.0, 1280.3785409927368, 915.5245690345764]]"
746,0,3.5,"[[0.0, 341.24981451034546, 717.0203738212585]]"
747,-2,-2.0,"[[0.0, 244.55335140228271, 0.0]]"
748,2,1.6881741881370544,"[[0.0, 96.69646310806274, 717.0203738212585]]"
749,-2,-2.0,"[[0.0, 84.17347431182861, 0.0]]"
750,-2,-2.0,"[[0.0, 12.52298879623413, 717.0203738212585]]"
751,-2,-2.0,"[[0.0, 939.1287264823914, 198.50419521331787]]"
752,-2,-2.0,"[[0.0, 1845.5965738296509, 0.0]]"
753,-2,-2.0,"[[0.0, 7605.302590847015, 83.44904780387878]]"
754,4,1.3306660056114197,"[[0.0, 4495.925088644028, 3230.3328867554665]]"
755,3,1.7053065299987793,"[[0.0, 3370.086456298828, 637.4872243404388]]"
756,-2,-2.0,"[[0.0, 687.9419860839844, 450.1453814506531]]"
757,-2,-2.0,"[[0.0, 2682.1444702148438, 187.34184288978577]]"
758,1,5.3940815925598145,"[[0.0, 1125.8386323451996, 2592.8456624150276]]"
759,-2,-2.0,"[[0.0, 248.64958953857422, 1835.6711869835854]]"
760,2,9.512456893920898,"[[0.0, 877.1890428066254, 757.1744754314423]]"
761,-2,-2.0,"[[0.0, 316.19294357299805, 708.681547164917]]"
762,-2,-2.0,"[[0.0, 560.9960992336273, 48.49292826652527]]"
763,1,6.5691938400268555,"[[0.0, 12110.62538099289, 278.1408829689026]]"
764,-2,-2.0,"[[0.0, 3892.758014202118, 264.1945583820343]]"
765,-2,-2.0,"[[0.0, 8217.867366790771, 13.946324586868286]]"
766,0,11.5,"[[1411.0100658535957, 2799.706379175186, 3397.7061799764633]]"
767,1,4.8862714767456055,"[[588.3733114004135, 2794.6784126758575, 3349.618894338608]]"
768,-2,-2.0,"[[531.2842887639999, 16.736658096313477, 226.401076734066]]"
769,4,1.0016251802444458,"[[57.089022636413574, 2777.941754579544, 3123.217817604542]]"
770,-2,-2.0,"[[0.0, 884.1438670158386, 4.687336444854736]]"
771,2,1.1414927244186401,"[[57.089022636413574, 1893.7978875637054, 3118.530481159687]]"
772,1,5.733514070510864,"[[34.65947163105011, 808.14723944664, 208.8169186115265]]"
773,-2,-2.0,"[[23.632723569869995, 5.348635196685791, 135.78364676237106]]"
774,-2,-2.0,"[[11.026748061180115, 802.7986042499542, 73.03327184915543]]"
775,3,1.458000123500824,"[[22.429551005363464, 1085.6506481170654, 2909.7135625481606]]"
776,-2,-2.0,"[[22.429551005363464, 181.24185156822205, 1697.828219115734]]"
777,4,1.5443069338798523,"[[0.0, 904.4087965488434, 1211.8853434324265]]"
778,-2,-2.0,"[[0.0, 880.2793197631836, 642.3536657094955]]"
779,-2,-2.0,"[[0.0, 24.12947678565979, 569.5316777229309]]"
780,-2,-2.0,"[[822.6367544531822, 5.027966499328613, 48.08728563785553]]"
781,4,0.0,"[[69.84984827041626, 69411.0959045887, 68472.73634147644]]"
782,1,3.398559808731079,"[[0.0, 19384.94158554077, 62039.003779530525]]"
783,2,14.470699310302734,"[[0.0, 628.5539078712463, 37504.0600143671]]"
784,1,2.465875029563904,"[[0.0, 549.7542877197266, 6879.751431584358]]"
785,-2,-2.0,"[[0.0, 171.45778131484985, 6322.958685517311]]"
786,-2,-2.0,"[[0.0, 378.2965064048767, 556.7927460670471]]"
787,-2,-2.0,"[[0.0, 78.79962015151978, 30624.308582782745]]"
788,2,17.15534210205078,"[[0.0, 18756.387677669525, 24534.94376516342]]"
789,3,1.329765498638153,"[[0.0, 17536.57654094696, 5473.917290210724]]"
790,1,5.136474132537842,"[[0.0, 3464.4961819648743, 3563.850072860718]]"
791,4,-1.8709748983383179,"[[0.0, 863.596776008606, 2337.537408351898]]"
792,-2,-2.0,"[[0.0, 329.63688945770264, 43.10742521286011]]"
793,0,1.5,"[[0.0, 533.9598865509033, 2294.429983139038]]"
794,-2,-2.0,"[[0.0, 428.1609363555908, 264.6840229034424]]"
795,-2,-2.0,"[[0.0, 105.7989501953125, 2029.7459602355957]]"
796,2,16.047120094299316,"[[0.0, 2600.8994059562683, 1226.3126645088196]]"
797,0,4.5,"[[0.0, 2573.968683242798, 536.8758115768433]]"
798,-2,-2.0,"[[0.0, 2423.2194290161133, 288.6972584724426]]"
799,-2,-2.0,"[[0.0, 150.74925422668457, 248.17855310440063]]"
800,-2,-2.0,"[[0.0, 26.93072271347046, 689.4368529319763]]"
801,1,4.510457277297974,"[[0.0, 14072.080358982086, 1910.067217350006]]"
802,0,0.5,"[[0.0, 2016.1932163238525, 1454.4107332229614]]"
803,2,15.83187198638916,"[[0.0, 1516.121898651123, 313.78864336013794]]"
804,-2,-2.0,"[[0.0, 1237.6369428634644, 0.0]]"
805,-2,-2.0,"[[0.0, 278.4849557876587, 313.78864336013794]]"
806,2,15.465221405029297,"[[0.0, 500.0713176727295, 1140.6220898628235]]"
807,4,-1.198987603187561,"[[0.0, 500.0713176727295, 537.7966070175171]]"
808,-2,-2.0,"[[0.0, 488.7192873954773, 214.82050037384033]]"
809,-2,-2.0,"[[0.0, 11.352030277252197, 322.97610664367676]]"
810,-2,-2.0,"[[0.0, 0.0, 602.8254828453064]]"
811,2,17.00243377685547,"[[0.0, 12055.887142658234, 455.6564841270447]]"
812,0,3.5,"[[0.0, 11938.886536598206, 278.03465032577515]]"
813,-2,-2.0,"[[0.0, 9659.123254299164, 55.72105360031128]]"
814,-2,-2.0,"[[0.0, 2279.7632822990417, 222.31359672546387]]"
815,-2,-2.0,"[[0.0, 117.00060606002808, 177.62183380126953]]"
816,2,18.361966133117676,"[[0.0, 1219.8111367225647, 19061.026474952698]]"
817,3,1.5074386596679688,"[[0.0, 1191.2568988800049, 4984.330945491791]]"
818,-2,-2.0,"[[0.0, 16.46851348876953, 3583.1895503997803]]"
819,3,1.7398136258125305,"[[0.0, 1174.7883853912354, 1401.1413950920105]]"
820,2,17.3282470703125,"[[0.0, 401.10880851745605, 1115.9431853294373]]"
821,-2,-2.0,"[[0.0, 223.93326616287231, 5.514854431152344]]"
822,-2,-2.0,"[[0.0, 177.17554235458374, 1110.428330898285]]"
823,-2,-2.0,"[[0.0, 773.6795768737793, 285.19820976257324]]"
824,-2,-2.0,"[[0.0, 28.554237842559814, 14076.695529460907]]"
825,0,4.5,"[[69.84984827041626, 50026.15431904793, 6433.732561945915]]"
826,3,1.214593231678009,"[[0.0, 32989.30625295639, 341.6056219339371]]"
827,2,13.461238384246826,"[[0.0, 4127.871369600296, 286.00214898586273]]"
828,-2,-2.0,"[[0.0, 250.3004949092865, 196.6420031785965]]"
829,-2,-2.0,"[[0.0, 3877.5708746910095, 89.36014580726624]]"
830,-2,-2.0,"[[0.0, 28861.434883356094, 55.60347294807434]]"
831,0,7.5,"[[69.84984827041626, 17036.848066091537, 6092.126940011978]]"
832,1,4.871628761291504,"[[32.961002349853516, 12904.632917642593, 2458.8866589069366]]"
833,2,16.836548805236816,"[[32.961002349853516, 3479.804722547531, 2307.3769381046295]]"
834,2,14.3078031539917,"[[32.961002349853516, 1026.1098403930664, 2107.931860089302]]"
835,-2,-2.0,"[[32.961002349853516, 109.72521543502808, 1232.7903329133987]]"
836,1,4.194008111953735,"[[0.0, 916.3846249580383, 875.1415271759033]]"
837,-2,-2.0,"[[0.0, 115.91241073608398, 744.6108338832855]]"
838,-2,-2.0,"[[0.0, 800.4722142219543, 130.5306932926178]]"
839,1,3.485541582107544,"[[0.0, 2453.6948821544647, 199.44507801532745]]"
840,-2,-2.0,"[[0.0, 190.83661365509033, 177.92367899417877]]"
841,-2,-2.0,"[[0.0, 2262.8582684993744, 21.52139902114868]]"
842,-2,-2.0,"[[0.0, 9424.828195095062, 151.50972080230713]]"
843,1,6.566009044647217,"[[36.888845920562744, 4132.215148448944, 3633.2402811050415]]"
844,2,18.078243255615234,"[[36.888845920562744, 665.9595110416412, 1914.1977043151855]]"
845,-2,-2.0,"[[21.021095752716064, 30.131197929382324, 1113.4742513895035]]"
846,1,5.7122204303741455,"[[15.86775016784668, 635.8283131122589, 800.7234529256821]]"
847,-2,-2.0,"[[15.86775016784668, 53.64597845077515, 601.3955583572388]]"
848,-2,-2.0,"[[0.0, 582.1823346614838, 199.3278945684433]]"
849,2,15.3392653465271,"[[0.0, 3466.255637407303, 1719.042576789856]]"
850,-2,-2.0,"[[0.0, 281.52235555648804, 1168.1577422618866]]"
851,3,1.2129252552986145,"[[0.0, 3184.733281850815, 550.8848345279694]]"
852,-2,-2.0,"[[0.0, 205.51736116409302, 420.0419852733612]]"
853,-2,-2.0,"[[0.0, 2979.215920686722, 130.84284925460815]]"
854,2,6.038870334625244,"[[6199.803837239742, 618564.1292533278, 84112.47080540657]]"
855,4,1.0543051362037659,"[[2449.0043768286705, 136462.08548152447, 34365.18720841408]]"
856,1,17.10621166229248,"[[35.30869823694229, 44126.6354264617, 25383.418007731438]]"
857,1,12.873451709747314,"[[5.9385130405426025, 40432.63863927126, 4275.469184219837]]"
858,-2,-2.0,"[[3.8612319827079773, 30037.174190998077, 304.3914452791214]]"
859,2,3.9972457885742188,"[[2.0772810578346252, 10395.464448273182, 3971.077738940716]]"
860,4,-1.3318575620651245,"[[2.0772810578346252, 4154.878259241581, 3721.278657376766]]"
861,2,2.7081531286239624,"[[0.0, 2004.298246204853, 3161.44532340765]]"
862,-2,-2.0,"[[0.0, 439.15898710489273, 2114.7726635932922]]"
863,-2,-2.0,"[[0.0, 1565.1392590999603, 1046.6726598143578]]"
864,-2,-2.0,"[[2.0772810578346252, 2150.580013036728, 559.8333339691162]]"
865,-2,-2.0,"[[0.0, 6240.586189031601, 249.79908156394958]]"
866,4,0.0,"[[29.37018519639969, 3693.9967871904373, 21107.9488235116]]"
867,2,4.161470413208008,"[[0.0, 2394.4590707421303, 20159.203263819218]]"
868,1,19.448719024658203,"[[0.0, 394.5467569231987, 15785.414490759373]]"
869,0,18.5,"[[0.0, 339.6792507171631, 2930.273552238941]]"
870,-2,-2.0,"[[0.0, 17.61700677871704, 2042.079443693161]]"
871,-2,-2.0,"[[0.0, 322.06224393844604, 888.1941085457802]]"
872,-2,-2.0,"[[0.0, 54.867506206035614, 12855.140938520432]]"
873,1,24.25139045715332,"[[0.0, 1999.9123138189316, 4373.788773059845]]"
874,3,1.6949204802513123,"[[0.0, 1988.5378960967064, 2205.4188184142113]]"
875,-2,-2.0,"[[0.0, 1770.92561596632, 802.249961078167]]"
876,-2,-2.0,"[[0.0, 217.61228013038635, 1403.1688573360443]]"
877,-2,-2.0,"[[0.0, 11.37441772222519, 2168.3699546456337]]"
878,0,23.5,"[[29.37018519639969, 1299.537716448307, 948.7455596923828]]"
879,-2,-2.0,"[[0.0, 1121.2007174491882, 182.52913051843643]]"
880,-2,-2.0,"[[29.37018519639969, 178.3369989991188, 766.2164291739464]]"
881,3,1.3683792352676392,"[[2413.695678591728, 92335.45005506277, 8981.76920068264]]"
882,4,1.3540160655975342,"[[2100.334625720978, 16205.352867603302, 4812.41710203886]]"
883,0,24.5,"[[228.9633910059929, 4905.150530099869, 2856.155364513397]]"
884,-2,-2.0,"[[170.90650302171707, 4139.526806950569, 1295.1356112957]]"
885,2,2.4100265502929688,"[[58.05688798427582, 765.6237231492996, 1561.0197532176971]]"
886,-2,-2.0,"[[28.67399698495865, 67.30658054351807, 856.5562564134598]]"
887,-2,-2.0,"[[29.38289099931717, 698.3171426057816, 704.4634968042374]]"
888,1,13.402464389801025,"[[1871.371234714985, 11300.202337503433, 1956.261737525463]]"
889,0,14.5,"[[958.4210401177406, 1834.12160718441, 931.7923684716225]]"
890,1,10.414086818695068,"[[231.224693775177, 1690.0170134305954, 805.1901143789291]]"
891,0,12.5,"[[229.6811466217041, 621.7121512293816, 547.7499013543129]]"
892,-2,-2.0,"[[16.107425332069397, 614.2235581278801, 466.1125963330269]]"
893,-2,-2.0,"[[213.5737212896347, 7.488593101501465, 81.63730502128601]]"
894,-2,-2.0,"[[1.5435471534729004, 1068.3048622012138, 257.44021302461624]]"
895,-2,-2.0,"[[727.1963463425636, 144.1045937538147, 126.60225409269333]]"
896,0,25.5,"[[912.9501945972443, 9466.080730319023, 1024.4693690538406]]"
897,0,17.5,"[[430.30039954185486, 7417.213420808315, 352.75871855020523]]"
898,-2,-2.0,"[[0.0, 3027.610106110573, 43.958141684532166]]"
899,1,18.18185806274414,"[[430.30039954185486, 4389.6033146977425, 308.80057686567307]]"
900,0,20.5,"[[360.03097254037857, 526.6211457252502, 151.40456247329712]]"
901,-2,-2.0,"[[154.66469889879227, 522.9699450731277, 150.55030661821365]]"
902,-2,-2.0,"[[205.3662736415863, 3.6512006521224976, 0.8542558550834656]]"
903,-2,-2.0,"[[70.26942700147629, 3862.982168972492, 157.39601439237595]]"
904,1,23.172917366027832,"[[482.6497950553894, 2048.867309510708, 671.7106505036354]]"
905,-2,-2.0,"[[407.73349833488464, 36.06590151786804, 58.68755382299423]]"
906,-2,-2.0,"[[74.91629672050476, 2012.8014079928398, 613.0230966806412]]"
907,1,16.54314422607422,"[[313.3610528707504, 76130.09718745947, 4169.35209864378]]"
908,2,1.433990478515625,"[[271.86551862955093, 22756.624902009964, 3574.6213957071304]]"
909,-2,-2.0,"[[12.837018132209778, 8638.94020998478, 165.00719451904297]]"
910,0,17.5,"[[259.02850049734116, 14117.684692025185, 3409.6142011880875]]"
911,1,13.88826036453247,"[[96.40332162380219, 12560.28312766552, 2467.691392123699]]"
912,4,1.2504437565803528,"[[96.40332162380219, 9572.421654582024, 2432.379601895809]]"
913,-2,-2.0,"[[0.0, 3507.4273302555084, 190.0587102174759]]"
914,0,9.5,"[[96.40332162380219, 6064.994324326515, 2242.3208916783333]]"
915,4,1.9546562433242798,"[[0.0, 2697.4251651763916, 245.23276901245117]]"
916,-2,-2.0,"[[0.0, 2625.816478729248, 71.68760919570923]]"
917,-2,-2.0,"[[0.0, 71.60868644714355, 173.54515981674194]]"
918,1,9.39640998840332,"[[96.40332162380219, 3367.5691591501236, 1997.088122665882]]"
919,-2,-2.0,"[[15.129999876022339, 193.04833483695984, 792.4370545744896]]"
920,0,13.5,"[[81.27332174777985, 3174.5208243131638, 1204.6510680913925]]"
921,-2,-2.0,"[[0.0, 1981.6705560684204, 233.33701348304749]]"
922,1,11.789536952972412,"[[81.27332174777985, 1192.8502682447433, 971.314054608345]]"
923,-2,-2.0,"[[79.53738105297089, 71.8032853603363, 438.08792185783386]]"
924,2,3.15290367603302,"[[1.73594069480896, 1121.046982884407, 533.2261327505112]]"
925,-2,-2.0,"[[0.0, 779.2060297727585, 33.34910595417023]]"
926,0,14.5,"[[1.73594069480896, 341.84095311164856, 499.87702679634094]]"
927,-2,-2.0,"[[0.0, 331.3550236225128, 131.56515538692474]]"
928,-2,-2.0,"[[1.73594069480896, 10.485929489135742, 368.3118714094162]]"
929,-2,-2.0,"[[0.0, 2987.861473083496, 35.311790227890015]]"
930,1,14.470671653747559,"[[162.62517887353897, 1557.401564359665, 941.9228090643883]]"
931,-2,-2.0,"[[147.3937702178955, 2.9475714564323425, 501.6012673974037]]"
932,2,5.5313880443573,"[[15.231408655643463, 1554.4539929032326, 440.32154166698456]]"
933,0,18.5,"[[10.080814898014069, 1522.758134663105, 248.79358917474747]]"
934,-2,-2.0,"[[0.0, 1488.755487024784, 116.82459372282028]]"
935,-2,-2.0,"[[10.080814898014069, 34.00264763832092, 131.96899545192719]]"
936,-2,-2.0,"[[5.1505937576293945, 31.695858240127563, 191.5279524922371]]"
937,0,25.5,"[[41.49553424119949, 53373.472285449505, 594.7307029366493]]"
938,1,19.093138694763184,"[[34.125417828559875, 50862.73362338543, 278.6244751214981]]"
939,0,19.5,"[[28.559386551380157, 8592.963017940521, 207.66659039258957]]"
940,-2,-2.0,"[[0.0, 7387.517337799072, 1.524368405342102]]"
941,-2,-2.0,"[[28.559386551380157, 1205.445680141449, 206.14222198724747]]"
942,-2,-2.0,"[[5.566031277179718, 42269.77060544491, 70.95788472890854]]"
943,4,1.4802621603012085,"[[7.370116412639618, 2510.7386620640755, 316.1062278151512]]"
944,-2,-2.0,"[[1.2368161082267761, 312.6215435862541, 310.05039125680923]]"
945,-2,-2.0,"[[6.133300304412842, 2198.1171184778214, 6.05583655834198]]"
946,1,12.182626724243164,"[[3750.799460411072, 482102.0437718034, 49747.28359699249]]"
947,2,18.02236843109131,"[[306.1271163225174, 117628.98711776733, 26107.9133528471]]"
948,3,1.4680847525596619,"[[296.00194799900055, 108801.69790172577, 10561.342866301537]]"
949,4,0.0,"[[280.052841424942, 37807.419882297516, 7325.763459205627]]"
950,2,15.564073085784912,"[[0.0, 25361.263734817505, 2341.974931240082]]"
951,2,12.904676914215088,"[[0.0, 22152.49172449112, 314.3537483215332]]"
952,-2,-2.0,"[[0.0, 15332.230903625488, 0.0]]"
953,3,1.0179402232170105,"[[0.0, 6820.260820865631, 314.3537483215332]]"
954,-2,-2.0,"[[0.0, 103.30040979385376, 148.53834199905396]]"
955,-2,-2.0,"[[0.0, 6716.960411071777, 165.81540632247925]]"
956,1,10.04793643951416,"[[0.0, 3208.7720103263855, 2027.6211829185486]]"
957,4,-1.7647807002067566,"[[0.0, 903.3332238197327, 1754.8505330085754]]"
958,-2,-2.0,"[[0.0, 481.86268281936646, 100.069655418396]]"
959,4,-1.060266375541687,"[[0.0, 421.4705410003662, 1654.7808775901794]]"
960,-2,-2.0,"[[0.0, 173.3091630935669, 1595.3562207221985]]"
961,-2,-2.0,"[[0.0, 248.16137790679932, 59.42465686798096]]"
962,-2,-2.0,"[[0.0, 2305.438786506653, 272.77064990997314]]"
963,0,11.5,"[[280.052841424942, 12446.156147480011, 4983.788527965546]]"
964,1,10.48272705078125,"[[3.524174690246582, 11411.39793586731, 2966.472922682762]]"
965,0,8.5,"[[3.524174690246582, 8786.525136470795, 2956.7748163938522]]"
966,1,8.78313398361206,"[[0.0, 6420.223242998123, 1063.594365119934]]"
967,4,1.3226730823516846,"[[0.0, 4012.2293751239777, 1063.594365119934]]"
968,-2,-2.0,"[[0.0, 2238.3431243896484, 33.98163032531738]]"
969,2,12.475807666778564,"[[0.0, 1773.8862507343292, 1029.6127347946167]]"
970,0,7.0,"[[0.0, 515.3472647666931, 836.030205488205]]"
971,-2,-2.0,"[[0.0, 252.60121870040894, 0.0]]"
972,3,1.351513385772705,"[[0.0, 262.7460460662842, 836.030205488205]]"
973,-2,-2.0,"[[0.0, 62.43653869628906, 819.622917175293]]"
974,-2,-2.0,"[[0.0, 200.30950736999512, 16.407288312911987]]"
975,-2,-2.0,"[[0.0, 1258.538985967636, 193.58252930641174]]"
976,-2,-2.0,"[[0.0, 2407.9938678741455, 0.0]]"
977,1,9.414458751678467,"[[3.524174690246582, 2366.3018934726715, 1893.1804512739182]]"
978,-2,-2.0,"[[3.524174690246582, 0.0, 905.4096100330353]]"
979,4,1.5266011357307434,"[[0.0, 2366.3018934726715, 987.7708412408829]]"
980,-2,-2.0,"[[0.0, 2096.7966692447662, 146.6671278476715]]"
981,-2,-2.0,"[[0.0, 269.5052242279053, 841.1037133932114]]"
982,-2,-2.0,"[[0.0, 2624.872799396515, 9.698106288909912]]"
983,1,11.76966905593872,"[[276.52866673469543, 1034.7582116127014, 2017.3156052827835]]"
984,0,12.5,"[[251.50282740592957, 114.10647106170654, 1549.58274435997]]"
985,-2,-2.0,"[[24.752798557281494, 114.10647106170654, 1479.1496934890747]]"
986,-2,-2.0,"[[226.75002884864807, 0.0, 70.43305087089539]]"
987,4,1.5976213216781616,"[[25.02583932876587, 920.6517405509949, 467.7328609228134]]"
988,-2,-2.0,"[[10.414000511169434, 910.0936181545258, 69.56612169742584]]"
989,-2,-2.0,"[[14.611838817596436, 10.558122396469116, 398.1667392253876]]"
990,4,0.0,"[[15.949106574058533, 70994.27801942825, 3235.579407095909]]"
991,2,15.856382846832275,"[[0.0, 38630.74136209488, 361.2792139053345]]"
992,-2,-2.0,"[[0.0, 33471.21033143997, 21.218407154083252]]"
993,-2,-2.0,"[[0.0, 5159.531030654907, 340.0608067512512]]"
994,0,9.5,"[[15.949106574058533, 32363.536657333374, 2874.3001931905746]]"
995,1,8.2861909866333,"[[0.0, 15102.892229557037, 488.2236096858978]]"
996,2,13.433002948760986,"[[0.0, 5482.796813011169, 480.7966902256012]]"
997,0,7.5,"[[0.0, 2280.9059562683105, 463.1430962085724]]"
998,-2,-2.0,"[[0.0, 1145.5461959838867, 0.0]]"
999,4,1.53788560628891,"[[0.0, 1135.3597602844238, 463.1430962085724]]"
1000,-2,-2.0,"[[0.0, 877.7405862808228, 13.097960472106934]]"
1001,-2,-2.0,"[[0.0, 257.6191740036011, 450.04513573646545]]"
1002,-2,-2.0,"[[0.0, 3201.890856742859, 17.65359401702881]]"
1003,-2,-2.0,"[[0.0, 9620.095416545868, 7.426919460296631]]"
1004,1,9.342727661132812,"[[15.949106574058533, 17260.644427776337, 2386.076583504677]]"
1005,-2,-2.0,"[[5.321566104888916, 105.4474515914917, 1107.2610099315643]]"
1006,0,11.5,"[[10.627540469169617, 17155.196976184845, 1278.8155735731125]]"
1007,1,10.152169704437256,"[[0.0, 12761.900968790054, 421.11443567276]]"
1008,4,1.807386577129364,"[[0.0, 3381.7831704616547, 421.11443567276]]"
1009,-2,-2.0,"[[0.0, 3184.46174120903, 127.33195757865906]]"
1010,-2,-2.0,"[[0.0, 197.3214292526245, 293.78247809410095]]"
1011,-2,-2.0,"[[0.0, 9380.1177983284, 0.0]]"
1012,1,11.147198677062988,"[[10.627540469169617, 4393.296007394791, 857.7011379003525]]"
1013,-2,-2.0,"[[4.384299278259277, 13.837747812271118, 392.12504732608795]]"
1014,4,1.8471305966377258,"[[6.243241190910339, 4379.4582595825195, 465.5760905742645]]"
1015,0,12.5,"[[6.243241190910339, 4317.084118843079, 227.0667543411255]]"
1016,-2,-2.0,"[[0.0, 4314.238030433655, 127.91416621208191]]"
1017,-2,-2.0,"[[6.243241190910339, 2.846088409423828, 99.15258812904358]]"
1018,-2,-2.0,"[[0.0, 62.37414073944092, 238.50933623313904]]"
1019,4,-1.004300057888031,"[[10.125168323516846, 8827.289216041565, 15546.570486545563]]"
1020,4,-1.6398042440414429,"[[0.0, 2545.6973490715027, 13544.820939064026]]"
1021,2,20.32214069366455,"[[0.0, 2095.1400713920593, 4359.234929561615]]"
1022,1,10.759547710418701,"[[0.0, 2079.5417709350586, 1616.9625878334045]]"
1023,3,1.7755332589149475,"[[0.0, 372.9849715232849, 1566.099157333374]]"
1024,-2,-2.0,"[[0.0, 89.81318473815918, 1452.9025621414185]]"
1025,-2,-2.0,"[[0.0, 283.17178678512573, 113.19659519195557]]"
1026,-2,-2.0,"[[0.0, 1706.5567994117737, 50.86343050003052]]"
1027,-2,-2.0,"[[0.0, 15.598300457000732, 2742.2723417282104]]"
1028,2,18.90910530090332,"[[0.0, 450.55727767944336, 9185.58600950241]]"
1029,3,1.7084541320800781,"[[0.0, 428.8937873840332, 2500.389778137207]]"
1030,1,11.864443302154541,"[[0.0, 101.42915725708008, 2355.351405143738]]"
1031,-2,-2.0,"[[0.0, 5.426273345947266, 2318.9502844810486]]"
1032,-2,-2.0,"[[0.0, 96.00288391113281, 36.40112066268921]]"
1033,-2,-2.0,"[[0.0, 327.4646301269531, 145.03837299346924]]"
1034,-2,-2.0,"[[0.0, 21.663490295410156, 6685.196231365204]]"
1035,3,1.530214250087738,"[[10.125168323516846, 6281.591866970062, 2001.7495474815369]]"
1036,0,9.0,"[[10.125168323516846, 1971.2414183616638, 1354.9155673980713]]"
1037,-2,-2.0,"[[0.0, 698.8814210891724, 0.0]]"
1038,1,9.26194715499878,"[[10.125168323516846, 1272.3599972724915, 1354.9155673980713]]"
1039,-2,-2.0,"[[0.0, 53.55883026123047, 875.9471685886383]]"
1040,0,11.0,"[[10.125168323516846, 1218.801167011261, 478.968398809433]]"
1041,-2,-2.0,"[[0.0, 1032.87198472023, 33.88632392883301]]"
1042,1,11.748875141143799,"[[10.125168323516846, 185.92918229103088, 445.0820748806]]"
1043,-2,-2.0,"[[4.961301326751709, 18.74153184890747, 420.206627368927]]"
1044,-2,-2.0,"[[5.163866996765137, 167.1876504421234, 24.875447511672974]]"
1045,1,8.68496036529541,"[[0.0, 4310.350448608398, 646.8339800834656]]"
1046,0,9.5,"[[0.0, 478.9734933376312, 352.44531869888306]]"
1047,-2,-2.0,"[[0.0, 463.4891769886017, 0.0]]"
1048,-2,-2.0,"[[0.0, 15.484316349029541, 352.44531869888306]]"
1049,0,10.5,"[[0.0, 3831.376955270767, 294.3886613845825]]"
1050,-2,-2.0,"[[0.0, 2898.8748757839203, 13.833142757415771]]"
1051,1,11.277383804321289,"[[0.0, 932.5020794868469, 280.55551862716675]]"
1052,-2,-2.0,"[[0.0, 16.66390895843506, 242.38930749893188]]"
1053,-2,-2.0,"[[0.0, 915.8381705284119, 38.16621112823486]]"
1054,4,0.0,"[[3444.6723440885544, 364473.05665403605, 23639.370244145393]]"
1055,2,8.415231227874756,"[[0.0, 242602.32754027843, 4238.194036066532]]"
1056,1,24.929168701171875,"[[0.0, 21471.038116812706, 2141.6804973483086]]"
1057,1,19.044185638427734,"[[0.0, 20609.553245544434, 542.3445006608963]]"
1058,-2,-2.0,"[[0.0, 15779.906156659126, 22.19780468940735]]"
1059,3,1.6912092566490173,"[[0.0, 4829.647088885307, 520.146695971489]]"
1060,-2,-2.0,"[[0.0, 3716.3646030426025, 51.87949788570404]]"
1061,2,7.007925510406494,"[[0.0, 1113.2824858427048, 468.2671980857849]]"
1062,-2,-2.0,"[[0.0, 231.69069528579712, 366.5473117828369]]"
1063,-2,-2.0,"[[0.0, 881.5917905569077, 101.719886302948]]"
1064,1,27.717208862304688,"[[0.0, 861.4848712682724, 1599.3359966874123]]"
1065,0,25.0,"[[0.0, 809.4064702987671, 645.7350788116455]]"
1066,-2,-2.0,"[[0.0, 14.723730206489563, 308.45749175548553]]"
1067,-2,-2.0,"[[0.0, 794.6827400922775, 337.27758705616]]"
1068,-2,-2.0,"[[0.0, 52.07840096950531, 953.6009178757668]]"
1069,1,14.423052310943604,"[[0.0, 221131.28942346573, 2096.5135387182236]]"
1070,2,19.366572380065918,"[[0.0, 29784.867060661316, 1692.6407716274261]]"
1071,2,18.840914726257324,"[[0.0, 27269.906023025513, 110.71597957611084]]"
1072,-2,-2.0,"[[0.0, 25666.074535369873, 10.236069679260254]]"
1073,-2,-2.0,"[[0.0, 1603.8314876556396, 100.47990989685059]]"
1074,4,-1.5088920593261719,"[[0.0, 2514.961037635803, 1581.9247920513153]]"
1075,-2,-2.0,"[[0.0, 2190.8779706954956, 211.66945695877075]]"
1076,1,13.58316707611084,"[[0.0, 324.0830669403076, 1370.2553350925446]]"
1077,-2,-2.0,"[[0.0, 48.02101135253906, 1072.1823449134827]]"
1078,-2,-2.0,"[[0.0, 276.06205558776855, 298.0729901790619]]"
1079,2,11.043035984039307,"[[0.0, 191346.4223628044, 403.8727670907974]]"
1080,1,27.48941993713379,"[[0.0, 26967.21414422989, 363.6181274652481]]"
1081,-2,-2.0,"[[0.0, 25685.603583157063, 51.54579758644104]]"
1082,-2,-2.0,"[[0.0, 1281.6105610728264, 312.07232987880707]]"
1083,-2,-2.0,"[[0.0, 164379.20821857452, 40.254639625549316]]"
1084,3,1.58909273147583,"[[3444.6723440885544, 121870.72911375761, 19401.17620807886]]"
1085,0,13.5,"[[3122.302440047264, 50853.329797804356, 14562.233438789845]]"
1086,-2,-2.0,"[[0.0, 6226.299561500549, 124.90248942375183]]"
1087,1,13.513310432434082,"[[3122.302440047264, 44627.030236303806, 14437.330949366093]]"
1088,0,15.5,"[[155.31836700439453, 278.0823783874512, 1170.9929632544518]]"
1089,-2,-2.0,"[[0.0, 278.0823783874512, 1066.0554094910622]]"
1090,-2,-2.0,"[[155.31836700439453, 0.0, 104.93755376338959]]"
1091,0,20.5,"[[2966.9840730428696, 44348.947857916355, 13266.337986111641]]"
1092,1,19.433226585388184,"[[281.0236724615097, 23102.83488178253, 6137.685601770878]]"
1093,0,15.5,"[[281.0236724615097, 19230.238097667694, 6069.083631694317]]"
1094,1,14.55002212524414,"[[0.0, 7398.716649055481, 872.5916273593903]]"
1095,4,1.298597514629364,"[[0.0, 3883.7548356056213, 862.0245893001556]]"
1096,-2,-2.0,"[[0.0, 1782.5493462085724, 11.704469203948975]]"
1097,3,1.2661771774291992,"[[0.0, 2101.205489397049, 850.3201200962067]]"
1098,-2,-2.0,"[[0.0, 486.957640171051, 632.1926026344299]]"
1099,-2,-2.0,"[[0.0, 1614.247849225998, 218.12751746177673]]"
1100,-2,-2.0,"[[0.0, 3514.9618134498596, 10.56703805923462]]"
1101,1,15.447546005249023,"[[281.0236724615097, 11831.521448612213, 5196.492004334927]]"
1102,2,11.494507789611816,"[[147.69657611846924, 884.1863709688187, 1783.007869720459]]"
1103,1,14.560924530029297,"[[84.22673201560974, 841.9868553876877, 478.01026725769043]]"
1104,-2,-2.0,"[[61.93571674823761, 5.000941276550293, 245.87129759788513]]"
1105,0,16.5,"[[22.29101526737213, 836.9859141111374, 232.1389696598053]]"
1106,-2,-2.0,"[[0.0, 836.9859141111374, 109.19398605823517]]"
1107,-2,-2.0,"[[22.29101526737213, 0.0, 122.94498360157013]]"
1108,-2,-2.0,"[[63.4698441028595, 42.19951558113098, 1304.9976024627686]]"
1109,0,17.5,"[[133.32709634304047, 10947.335077643394, 3413.4841346144676]]"
1110,-2,-2.0,"[[0.0, 5466.397598385811, 371.30852591991425]]"
1111,0,19.5,"[[133.32709634304047, 5480.937479257584, 3042.1756086945534]]"
1112,1,18.1862735748291,"[[39.87105107307434, 4562.3415113687515, 1751.9798359274864]]"
1113,2,13.808539867401123,"[[39.87105107307434, 2424.6661952733994, 1699.6309811472893]]"
1114,1,16.213716506958008,"[[34.161677837371826, 2060.5815333127975, 733.8909612298012]]"
1115,-2,-2.0,"[[13.939470767974854, 18.785285115242004, 202.19981402158737]]"
1116,4,1.4715497493743896,"[[20.222207069396973, 2041.7962481975555, 531.6911472082138]]"
1117,-2,-2.0,"[[0.0, 1311.311908364296, 70.79442512989044]]"
1118,-2,-2.0,"[[20.222207069396973, 730.4843398332596, 460.89672207832336]]"
1119,-2,-2.0,"[[5.709373235702515, 364.0846619606018, 965.7400199174881]]"
1120,-2,-2.0,"[[0.0, 2137.675316095352, 52.348854780197144]]"
1121,4,1.6766910552978516,"[[93.45604526996613, 918.5959678888321, 1290.195772767067]]"
1122,2,16.12157154083252,"[[15.666106224060059, 857.7018640041351, 738.5704317688942]]"
1123,-2,-2.0,"[[11.2259840965271, 850.7688994407654, 403.71588093042374]]"
1124,-2,-2.0,"[[4.440122127532959, 6.932964563369751, 334.85455083847046]]"
1125,-2,-2.0,"[[77.78993904590607, 60.89410388469696, 551.6253409981728]]"
1126,-2,-2.0,"[[0.0, 3872.5967841148376, 68.60197007656097]]"
1127,1,20.243412971496582,"[[2685.96040058136, 21246.112976133823, 7128.652384340763]]"
1128,4,1.3610440492630005,"[[763.7921873927116, 545.8475242853165, 1144.099681377411]]"
1129,-2,-2.0,"[[112.42295891046524, 429.49550437927246, 471.6463768482208]]"
1130,-2,-2.0,"[[651.3692284822464, 116.352019906044, 672.4533045291901]]"
1131,0,25.5,"[[1922.1682131886482, 20700.265451848507, 5984.552702963352]]"
1132,1,23.038432121276855,"[[274.6509162783623, 10253.167021751404, 2043.8255978822708]]"
1133,0,23.5,"[[274.6509162783623, 4769.071798324585, 1874.8343888521194]]"
1134,2,17.69453525543213,"[[17.94385862350464, 3907.1095556020737, 893.8788293004036]]"
1135,-2,-2.0,"[[17.94385862350464, 3515.6496757268906, 457.9568640589714]]"
1136,1,21.73939037322998,"[[0.0, 391.4598798751831, 435.9219652414322]]"
1137,-2,-2.0,"[[0.0, 40.41933631896973, 408.92051088809967]]"
1138,-2,-2.0,"[[0.0, 351.0405435562134, 27.00145435333252]]"
1139,1,22.38876724243164,"[[256.70705765485764, 861.9622427225113, 980.9555595517159]]"
1140,-2,-2.0,"[[230.37298077344894, 219.85459351539612, 708.530285358429]]"
1141,-2,-2.0,"[[26.33407688140869, 642.1076492071152, 272.4252741932869]]"
1142,-2,-2.0,"[[0.0, 5484.095223426819, 168.99120903015137]]"
1143,1,25.745694160461426,"[[1647.517296910286, 10447.098430097103, 3940.7271050810814]]"
1144,1,23.981026649475098,"[[1420.638232409954, 1646.2734550237656, 1607.9995180368423]]"
1145,-2,-2.0,"[[879.6730724573135, 92.10019445419312, 475.9163277745247]]"
1146,0,27.5,"[[540.9651599526405, 1554.1732605695724, 1132.0831902623177]]"
1147,-2,-2.0,"[[57.00778156518936, 1454.0363553762436, 680.3545182347298]]"
1148,-2,-2.0,"[[483.9573783874512, 100.13690519332886, 451.7286720275879]]"
1149,0,28.5,"[[226.87906450033188, 8800.824975073338, 2332.727587044239]]"
1150,0,26.5,"[[10.429013788700104, 5575.783754646778, 644.9547480940819]]"
1151,-2,-2.0,"[[0.0, 2313.4661779403687, 23.444639921188354]]"
1152,1,27.06684684753418,"[[10.429013788700104, 3262.3175767064095, 621.5101081728935]]"
1153,-2,-2.0,"[[10.429013788700104, 867.3013834953308, 473.99237048625946]]"
1154,-2,-2.0,"[[0.0, 2395.0161932110786, 147.51773768663406]]"
1155,1,28.404884338378906,"[[216.45005071163177, 3225.0412204265594, 1687.7728389501572]]"
1156,2,14.120164394378662,"[[215.70901942253113, 507.45173329114914, 1028.4354771971703]]"
1157,-2,-2.0,"[[27.262041091918945, 91.42024946212769, 777.6718006134033]]"
1158,4,1.1980022192001343,"[[188.44697833061218, 416.03148382902145, 250.76367658376694]]"
1159,-2,-2.0,"[[0.0, 312.19851768016815, 32.29528820514679]]"
1160,-2,-2.0,"[[188.44697833061218, 103.8329661488533, 218.46838837862015]]"
1161,2,13.721380710601807,"[[0.741031289100647, 2717.5894871354103, 659.3373617529869]]"
1162,4,1.5905764698982239,"[[0.0, 681.9134920835495, 519.3633823394775]]"
1163,-2,-2.0,"[[0.0, 207.98156988620758, 465.41395485401154]]"
1164,-2,-2.0,"[[0.0, 473.9319221973419, 53.949427485466]]"
1165,-2,-2.0,"[[0.741031289100647, 2035.6759950518608, 139.97397941350937]]"
1166,3,1.7844746708869934,"[[322.3699040412903, 71017.39931595325, 4838.942769289017]]"
1167,2,16.580811500549316,"[[285.98684668540955, 30597.469439268112, 3595.194740653038]]"
1168,-2,-2.0,"[[188.63008952140808, 25042.83790796995, 2095.695994436741]]"
1169,1,24.211467742919922,"[[97.35675716400146, 5554.631531298161, 1499.4987462162971]]"
1170,-2,-2.0,"[[51.7550807595253, 3792.158591747284, 1429.7675718069077]]"
1171,-2,-2.0,"[[45.601676404476166, 1762.4729395508766, 69.7311744093895]]"
1172,-2,-2.0,"[[36.38305735588074, 40419.92987668514, 1243.7480286359787]]"
